company_name,title,date_posted,year,week
Microsoft,b'Microsoft Is Winning The \xe2\x80\x98Cloud War\xe2\x80\x99 Against Amazon Report.',7/1/2020,2020,2
Microsoft,b'3 Things Microsoft Does Better Than Google.',2/1/2020,2020,1
Microsoft,b'2020 End of Support Milestones for Microsofts Business Products.',7/1/2020,2020,2
Microsoft,b'Office QA How to send Microsoft feedback disable ordinals in Outlook and find your way back in Word.',6/1/2020,2020,2
Microsoft,b'Heres Why 2020 Could Be Another Big Year for Microsoft Stock.',4/1/2020,2020,1
Microsoft,b'Hey Microsoft its time to take Xbox localization seriously.',1/1/2020,2020,1
Microsoft,b'Is Microsoft Undervalued.',3/1/2020,2020,1
Microsoft,b'Microsoft Stock Soared in 2019 Here\xe2\x80\x99s Why It Could Continue to Outperform This Year.',3/1/2020,2020,1
Microsoft,b'Mohawk Group Launches App Featuring its Proprietary AIMEE Software Platform on Microsofts AppSource Business Marketplace App Store.',6/1/2020,2020,2
Microsoft,b'Bill Gates Tax rates on the wealthy were nearly double when we started Microsoft and it didnt hurt us.',7/1/2020,2020,2
Microsoft,b'Microsoft Snags Ciscos Supply Chain Security Leader.',6/1/2020,2020,2
Microsoft,b'Want to get the most out of Microsoft Teams meetings Heres how to multitask and take Meeting Notes.',2/1/2020,2020,1
Microsoft,b'Lenovo is bringing smart displays to the office with a Microsoft Teams device.',3/1/2020,2020,1
Microsoft,b'Microsoft And Xbox Are Holding The Golden Key To The Future Of Gaming.',5/1/2020,2020,1
Microsoft,b'System Center isnt going away but Microsoft Endpoint Manager will make office PCs faster.',2/1/2020,2020,1
Microsoft,b'Microsoft Targets North Korean Hackers in Domain Takedown.',1/1/2020,2020,1
Microsoft,b'Former Microsoft manager details backstory of Internet Explorer 5 for Mac on its 20th anniversary.',5/1/2020,2020,1
Microsoft,b'Coming in 2020 NET 5 The Next Phase of Microsofts NET Framework.',3/1/2020,2020,1
Microsoft,b'4 tech companies are worth about 1 trillion Heres the best long term bet.',6/1/2020,2020,2
Microsoft,b'Cloud Patent Holding Firm Sued By Microsoft Is Expanding IP Arsenal.',6/1/2020,2020,2
Microsoft,b'How to share files using Microsoft OneDrive.',3/1/2020,2020,1
Microsoft,b'Top five tips for chatting in Microsoft Teams.',7/1/2020,2020,2
Microsoft,b'Wake leaders approve 14M deal for Microsoft jobs investment.',7/1/2020,2020,2
Microsoft,b'Microsoft North Korea Hackers Compromised Thousands of Accounts.',3/1/2020,2020,1
Microsoft,b'Microsoft Scoops Up Ex Bridgewater Sales Chief Sh\xc3\xa1ka Rasheed.',6/1/2020,2020,2
Microsoft,b'Microsoft Azure Reliability A Dangerous Challenge in 2020.',2/1/2020,2020,1
Microsoft,b'Facebook Google drop out of Top 10 \xe2\x80\x98best places to work\xe2\x80\x99 list Microsoft moves up.',6/1/2020,2020,2
Microsoft,b'Microsoft Research proposes face swapping AI and face forgery detector.',6/1/2020,2020,2
Microsoft,b'Microsofts SharePoint Spaces Collaborative Tool Is Coming This Year Including Quest Support.',6/1/2020,2020,2
Microsoft,b'Datadog Adds Support for Microsoft Azure DevOps.',3/1/2020,2020,1
Microsoft,b'Judge Orders Leesburg to Answer FOIA Request About Microsoft Project.',6/1/2020,2020,2
Microsoft,b'Microsofts Outlook milestone Android app tops 100 million Google Play Store installs.',2/1/2020,2020,1
Microsoft,b'KKBoxs new Microsoft deal includes plans for AI music.',6/1/2020,2020,2
Microsoft,b'Forrester Total Economic Impact TEI study of Microsoft Teams.',6/1/2020,2020,2
Microsoft,b'Microsoft Phishing Scam Exploits Iran Cyberattack Scare.',7/1/2020,2020,2
Microsoft,b'How to Track Offline Conversions in Microsoft Advertising.',7/1/2020,2020,2
Microsoft,b'Invesco Snaps Up Microsoft Occupied Office Duo in 600M Deal.',7/1/2020,2020,2
Microsoft,b'Microsoft Releases January 2020 Office Updates With Crash Fixes.',7/1/2020,2020,2
Microsoft,b'Microsoft Won a Patent for a Smart Speaker System that Includes a Pico Projector to Support 3D Skype Conferencing.',1/1/2020,2020,1
Microsoft,b'Microsoft Access Vulnerability Could Expose Thousands of Nations Businesses.',7/1/2020,2020,2
Microsoft,b'Pointr Deep Location Now Available in the Microsoft Azure Marketplace.',2/1/2020,2020,1
Microsoft,b'Microsoft spent 4 times more promoting Surface than Apples iPad reveals study.',6/1/2020,2020,2
Microsoft,b'Whats the secret behind Microsofts LinkedIn success Find out here.',3/1/2020,2020,1
Microsoft,b'CEOs from Accenture CVS Health Intel Microsoft Voya Financial and Walmart issue letter urging Fortune 1000 to participate in the Disability Equality Index.',2/1/2020,2020,1
Microsoft,b'Introducing Microsoft Graph PowerShell module A look under the hood.',2/1/2020,2020,1
Microsoft,b'Microsoft To Fix Windows 10 Fix File Explorer Bug.',6/1/2020,2020,2
Microsoft,b'Class Certification Denied in Moussouris v Microsoft.',4/1/2020,2020,1
Microsoft,b'Ranked Microsofts top 10 largest acquisitions ever.',2/1/2020,2020,1
Microsoft,b'Taiwans ITM debuts new blockchain attestation solution for Qualcomm and Microsofts IoT chipsets at CES 2020.',5/1/2020,2020,1
Microsoft,b'Openly gay 49ers assistant Katie Sowers featured in Microsoft NFL ad.',6/1/2020,2020,2
Microsoft,b'IntelAgree Recognized for Microsofts Intelligent Cloud Awards 2019.',7/1/2020,2020,2
Microsoft,b'How Microsoft Won The Pentagon Contract And Why It Matters.',2/1/2020,2020,1
Microsoft,b'Luxoft Joins Microsoft Connected Vehicle Platform Ecosystem to Accelerate Delivery of Connected Vehicle Solutions.',2/1/2020,2020,1
Microsoft,b'Microsoft now allows anyone to create a brand page on Bing   MSPoweruser.',7/1/2020,2020,2
Microsoft,b'Critical Path hires former Microsoft Indonesia comms head.',6/1/2020,2020,2
Microsoft,b'The Fundamentals Say Microsoft Stock Will Keep Moving Higher in 2020.',4/1/2020,2020,1
Microsoft,b'OneNote desktop Store merger What does it mean.',3/1/2020,2020,1
Microsoft,b'From the Microsoft Dynamics 365 for Customer EngagementCRM Blogs Flow vs workflow Email options Notifications Import emails.',3/1/2020,2020,1
Microsoft,b'Microsoft Trademarks New Xbox Series X Slogan  Game Rant.',7/1/2020,2020,2
Microsoft,b'Microsoft Research Peking University develop AI deepfake detector.',7/1/2020,2020,2
Microsoft,b'KKBOX chooses Microsoft Azure for streaming services.',2/1/2020,2020,1
Microsoft,b'Cloudflare scoops up S2 Systems an endpoint security startup with Microsoft roots.',7/1/2020,2020,2
Microsoft,b'New Microsoft Office 365 features relevant to healthcare organizations.',7/1/2020,2020,2
Microsoft,b'Will Microsofts Edge start a new browser war.',3/1/2020,2020,1
Microsoft,b'Microsoft\xe2\x80\x99s VR Maker Tool \xe2\x80\x98SharePoint Spaces\xe2\x80\x99 to Launch in First Half of 2020.',2/1/2020,2020,1
Microsoft,b'Remastered version Halo Reach released for Microsoft Windows and Xbox One.',4/1/2020,2020,1
Microsoft,b'Project Voice to Kick off 2020 with Amazon Google Samsung and Microsoft.',2/1/2020,2020,1
Microsoft,b'Former Microsoft executive Scott Oki challenges himself to write haiku.',3/1/2020,2020,1
Microsoft,b'The new Microsoft Surface Pro 7 is 260 off right now on Amazon.',7/1/2020,2020,2
Microsoft,b'Will Microsoft Discuss Xbox Lockhart at CES 2020.',2/1/2020,2020,1
Microsoft,b'Microsoft selects LPU student at Rs 42 lakh package.',2/1/2020,2020,1
Microsoft,b'GTA 5 added to Microsoft\xe2\x80\x99s Xbox Game Pass on Xbox One.',3/1/2020,2020,1
Microsoft,b'How to change the admin user on a Windows 10 computer and add or remove admin accounts.',6/1/2020,2020,2
Microsoft,b'Microsoft Math Solver.',3/1/2020,2020,1
Microsoft,b'Why Slack Will Be Acquired \xe2\x80\x94 The Information.',2/1/2020,2020,1
Microsoft,b'Luxoft Has Joined Microsofts Connected Vehicle Platform Ecosystem.',7/1/2020,2020,2
Microsoft,b'Personnel TI Fluid Systems Names Ron Hundzinski CFO.',6/1/2020,2020,2
Microsoft,b'Sports technology in game for 2020.',2/1/2020,2020,1
Microsoft,b'How to enable Reader View automatically for websites in mobile and desktop Safari.',6/1/2020,2020,2
Microsoft,b'Why Tech Run Rates Should Raise Eyebrows.',7/1/2020,2020,2
Microsoft,b'Samsung Demos AR Smartglasses Virtual Workout Partner at CES.',7/1/2020,2020,2
Microsoft,b'Microsoft bids farewell to Windows 7 and the millions of PCs that still run it.',14/1/2020,2020,3
Microsoft,b'Microsoft Store for Business Reportedly To Get Scrapped.',10/1/2020,2020,2
Microsoft,b'Microsoft eyes huge new office building near its headquarters campus.',10/1/2020,2020,2
Microsoft,b'Microsoft Launches Preview of Office 365s Fluid Framework.',9/1/2020,2020,2
Microsoft,b'Microsoft says Xbox Series X won\xe2\x80\x99t have exclusive first party games at launch.',10/1/2020,2020,2
Microsoft,b'Microsofts new Office 365 terms We wont use your data for advertising or profiling.',9/1/2020,2020,2
Microsoft,b'Microsofts LinkedIn purchase is starting to pay off.',8/1/2020,2020,2
Microsoft,b'Microsoft Teams is getting a Walkie Talkie feature with push to talk.',9/1/2020,2020,2
Microsoft,b'Microsoft listened to Skype calls with no security to protect recordings report says.',10/1/2020,2020,2
Microsoft,b'Tractor Supply Company To Expand Relationship With Microsoft.',9/1/2020,2020,2
Microsoft,b'Microsoft Sway Domains Used in Phishing Campaigns to Create Bogus Landing Pages.',14/1/2020,2020,3
Microsoft,b'Microsoft and Samsung are bringing back the walkie talkie \xe2\x80\x94 at work.',12/1/2020,2020,2
Microsoft,b'Why Microsoft and Not Amazon Is 1 in Cloud Migrations Are 5X Cheaper.',10/1/2020,2020,2
Microsoft,b'Amazon will ask a court to block Microsoft from working on a 10 billion cloud computing contract.',13/1/2020,2020,3
Microsoft,b'Microsoft Pushes Cloud Services to Retailers Anxious to Avoid Amazon.',9/1/2020,2020,2
Microsoft,b'Microsoft is taking big strides to make Surface devices easier to repair.',11/1/2020,2020,2
Microsoft,b'Microsoft CEO to retailers Lean on tech vendors but build from within.',13/1/2020,2020,3
Microsoft,b'Microsoft issues critical Windows security fix after tipoff from US NSA.',14/1/2020,2020,3
Microsoft,b'Solar powered Surface Microsoft wins patent for device cover lined with charging panels.',10/1/2020,2020,2
Microsoft,b'Microsoft releases tool to scan for child \xe2\x80\x98grooming\xe2\x80\x99 in online chats.',14/1/2020,2020,3
Microsoft,b'End of Support Scramble for Many Microsoft Business Products.',8/1/2020,2020,2
Microsoft,b'How cybercriminals are using Microsoft Sway to launch phishing attacks.',10/1/2020,2020,2
Microsoft,b'Why Microsoft Stock Climbed 55 in 2019.',11/1/2020,2020,2
Microsoft,b'How to use Microsoft Planner to manage your projects.',13/1/2020,2020,3
Microsoft,b'Microsoft Stock Rises After Morgan Stanley Gets More Bullish.',8/1/2020,2020,2
Microsoft,b'Microsoft lease pending at Capstone Partners office development   Puget Sound.',12/1/2020,2020,2
Microsoft,b'AvePoint lands 200M investment to expand market for Microsoft cloud governance tools.',8/1/2020,2020,2
Microsoft,b'Microsoft rolls out tool to scan chat apps for sexual predators seeking to exploit children.',9/1/2020,2020,2
Microsoft,b'Microsoft targets frontline workers with Teams walkie talkie feature.',13/1/2020,2020,3
Microsoft,b'Microsoft\xe2\x80\x99s Windows Terminal is getting retro style CRT effects search and more.',9/1/2020,2020,2
Microsoft,b'Microsoft CEO says encryption backdoors are a \xe2\x80\x98terrible idea\xe2\x80\x99.',13/1/2020,2020,3
Microsoft,b'Microsofts new Dynamics 365 Commerce app to be available February 3.',9/1/2020,2020,2
Microsoft,b'Microsoft and Amazon rise in patent rankings Ford lands in top 10 Samsung and IBM take top spots.',14/1/2020,2020,3
Microsoft,b'AvePoint Thinks Big On Microsoft Data Management Data Protection Play With New 200M Funding.',14/1/2020,2020,3
Microsoft,b'1 Whats Behind the Rumored Office 365 Password Manager.',8/1/2020,2020,2
Microsoft,b'Apple and Microsoft Are Dazzling Investors That Won\xe2\x80\x99t Last.',10/1/2020,2020,2
Microsoft,b'Microsoft Bing Pages In Beta Gives Individuals Brands Prominence In Search 01092020.',9/1/2020,2020,2
Microsoft,b'Microsoft CEO Satya Nadella is already using the dual screen Surface Duo.',13/1/2020,2020,3
Microsoft,b'Microsoft\xe2\x80\x99s Duo Is One Of The Most Exciting Phones Of 2020.',13/1/2020,2020,3
Microsoft,b'Microsoft\xe2\x80\x99s Stock May Jump As Much As 9 Following Its Quarterly Results.',13/1/2020,2020,3
Microsoft,b'Microsoft Surface Pro 7 is the perfect tablet for Illustrators Heres why.',8/1/2020,2020,2
Microsoft,b'Amazons Worst Nightmare Comes True Microsoft Azure 1 among CIOs.',8/1/2020,2020,2
Microsoft,b'Microsoft Launcher 60 for Android enters public preview with new UI and more.',13/1/2020,2020,3
Microsoft,b'Shhhh Leesburg authorizes Microsoft nondisclosure agreement.',9/1/2020,2020,2
Microsoft,b'Microsoft Stock Has Gained Almost 20 Over The Last Quarter Is There More Room To Run.',13/1/2020,2020,3
Microsoft,b'Zscaler Recognized as a Microsoft Security 2020 Partner Awards Finalist.',13/1/2020,2020,3
Microsoft,b'DHS orders all federal agencies to patch Microsoft vulnerabilities  TheHill.',14/1/2020,2020,3
Microsoft,b'Credit Suisse increases Microsoft price target on Azure cloud revenue.',13/1/2020,2020,3
Microsoft,b'Microsoft Teams Arriving for Semiannual Channel Users of Office 365 ProPlus or Office 365 Business.',10/1/2020,2020,2
Microsoft,b'LG To Accelerate B2B Innovation With Microsoft   PRNewswire.',9/1/2020,2020,2
Microsoft,b'Microsoft partnership connected vehicles.',9/1/2020,2020,2
Microsoft,b'Making things easier Microsoft Teams is here.',14/1/2020,2020,3
Microsoft,b'The Microsoft Surface Pro 8 could be solar powered.',14/1/2020,2020,3
Microsoft,b'Microsoft Expands Office 365 Tool for Keeping End Users in the Dark.',9/1/2020,2020,2
Microsoft,b'Microsoft Mines Events Logs for RDP Brute Force Attacks.',10/1/2020,2020,2
Microsoft,b'New OneView Commerce Collaboration with Microsoft Enables Intelligent Retail.',13/1/2020,2020,3
Microsoft,b'Microsoft Accused of Leaking Private Embarrassing Cortana Assistant Voice Recordings.',13/1/2020,2020,3
Microsoft,b'How to Choose a Microsoft Document Management System   businesscom.',13/1/2020,2020,3
Microsoft,b'Dow Jones News Apple Rebounds in China Microsoft Set for Strong Cloud Growth.',9/1/2020,2020,2
Microsoft,b'The Editors\xe2\x80\x99 Choice\xe2\x80\x93winning Surface Pro 7 Is 275 off Right Now.',8/1/2020,2020,2
Microsoft,b'Why Microsoft is leaning into E3\xe2\x80\x94and Sony is bowing out\xe2\x80\x94amid \xe2\x80\x98marketing hype war\xe2\x80\x99.',14/1/2020,2020,3
Microsoft,b'Microsoft Office training course sale Learn it for real in 2020.',12/1/2020,2020,2
Microsoft,b'Why the Best Tech Firms Keep Customers Front of Mind.',8/1/2020,2020,2
Microsoft,b'Microsoft Advertising\xe2\x80\x99s PromoteIQ integration for retailers brands is now in beta.',10/1/2020,2020,2
Microsoft,b'Microsoft to Partner With Huge HBCU Hiring Event For Software and IT Professionals.',9/1/2020,2020,2
Microsoft,b'Microsoft\xe2\x80\x99s Innovative Plans For A Solar Powered Surface Pro.',11/1/2020,2020,2
Microsoft,b'Microsoft Salesforce Oracle launch retail customer experience tools.',13/1/2020,2020,3
Microsoft,b'Anand Eswaran Former Microsoft Corporate Vice President for Global Enterprise Business Joins RingCentral as President and Chief Operating Officer.',13/1/2020,2020,3
Microsoft,b'Jarvis Landry nominated for NFLs new Microsoft Surface Anything But Ordinary Player of the Year award.',13/1/2020,2020,3
Microsoft,b'Dapasoft Announces Corolar ConnectedCare a Microsoft Teams Native Application for Clinical Communication and Collaboration.',9/1/2020,2020,2
Microsoft,b'Microsoft Windows 7 Support Ends on January 14 2020.',8/1/2020,2020,2
Microsoft,b'MSP Calligo Acquires Microsoft Azure Cloud Partner DC Networks.',9/1/2020,2020,2
Microsoft,b'Microsoft Digs Into Commerce Visual Search For Retail At NRF Conference 01132020.',13/1/2020,2020,3
Microsoft,b'Microsoft now reviewing Skype audio in \xe2\x80\x98secure\xe2\x80\x99 places not China.',14/1/2020,2020,3
Microsoft,b'Tom Arbuthnot speaking at Commsverse In Store Event Microsoft.',8/1/2020,2020,2
Microsoft,b'Walgreens uses Microsoft HoloLens 2 for mixed reality training.',14/1/2020,2020,3
Microsoft,b'Microsoft funds initiative to fight mosquito borne diseases.',9/1/2020,2020,2
Microsoft,b'Wavenet Acquires Microsoft Teams Partner VIA.',8/1/2020,2020,2
Microsoft,b'Microsoft Stock Is Likely to See a Nice Dividend Boost in 2020.',8/1/2020,2020,2
Microsoft,b'How to Duplicate a Page in Microsoft Word   How.',8/1/2020,2020,2
Microsoft,b'EY crosses milestone to help clients deploy SAP on Microsoft Azure with strategy and solution initiatives.',14/1/2020,2020,3
Microsoft,b'Slack vs Microsoft Teams vs Webex Teams   Dispatch.',8/1/2020,2020,2
Microsoft,b'Microsoft introduces Bing for Commerce \xe2\x80\x93 intelligent search for retail websites.',9/1/2020,2020,2
Microsoft,b'Comtravo gets Microsoft venture fund on board with \xe2\x82\xac9M round.',14/1/2020,2020,3
Microsoft,b'Microsoft CEO Satya Nadella Calls Indias Citizenship Limits Sad.',14/1/2020,2020,3
Microsoft,b'Lenovo launches latest video phone for Microsoft Teams.',8/1/2020,2020,2
Microsoft,b'AWM Smart Shelf\xc2\xae Showcases AWM Frictionless\xe2\x84\xa2 on Microsoft Azure at Retails Big Show.',12/1/2020,2020,2
Microsoft,b'Microsoft Wins a Patent for an Environmentally Friendly Ocean Floor Artificial Reef Datacenter.',12/1/2020,2020,2
Microsoft,b'Latest phishing scam sends fake emails from Microsoft.',10/1/2020,2020,2
Microsoft,b'Microsoft Windows CryptoAPI Spoofing Vulnerability CVE 2020 0601 \xe2\x80\x93 How to Detect and Remediate.',14/1/2020,2020,3
Microsoft,b'Microsoft Teams will soon add push to talk walkie talkie feature to smartphones.',12/1/2020,2020,2
Microsoft,b'The Morrisville home of Microsoft NASDAQ MSFT in Perimeter Park is on the market   Triangle Business Journal.',13/1/2020,2020,3
Microsoft,b'Microsoft officially ends support to Windows 7 after a decade.',15/1/2020,2020,3
Microsoft,b'How 5G Will Affect the Fortunes of Apple Amazon Microsoft and the Rest of Big Tech.',10/1/2020,2020,2
Microsoft,b'Zimperium to Integrate Mobile Threat Data into Microsoft Defender Advanced Threat Protection.',9/1/2020,2020,2
Microsoft,b'Xbox Game Studios Five independent studios Microsoft should acquire next.',13/1/2020,2020,3
Microsoft,b'NFLs Packers and Microsoft add an innovation center to a fledgling business district.',9/1/2020,2020,2
Microsoft,b'Invesco Acquires Two Microsoft Occupied Office Buildings in Metro Seattle for 585M.',8/1/2020,2020,2
Microsoft,b'Microsoft boss Ralph Haupter swaps Asia for Europe.',9/1/2020,2020,2
Microsoft,b'Microsoft President Brad Smith on Rethinking a Tech Company\xe2\x80\x99s Role.',9/1/2020,2020,2
Microsoft,b'Microsoft\xe2\x80\x99s CEO looks to a future beyond Windows iOS and Android.',21/1/2020,2020,4
Microsoft,b'Microsoft Pledges To Remove From The Atmosphere All The Carbon It Has Ever Emitted.',16/1/2020,2020,3
Microsoft,b'Microsoft Asks 400 Million People To Buy A New PC\xe2\x80\xa6And Other Small Business Tech News.',19/1/2020,2020,3
Microsoft,b'Microsoft president talks \xe2\x80\x98tech Cold War\xe2\x80\x99 with China which accounts for 2 of company\xe2\x80\x99s revenue.',15/1/2020,2020,3
Microsoft,b'Microsoft puts the pressure on Slack with first TV ad for Microsoft Teams.',17/1/2020,2020,3
Microsoft,b'Here is the first stable release of Microsoft\xe2\x80\x99s new Edge browser.',15/1/2020,2020,3
Microsoft,b'FAQ Microsofts new Edge explained.',17/1/2020,2020,3
Microsoft,b'Microsoft Learns Money Alone Cant Fix Seattles Housing Mess.',15/1/2020,2020,3
Microsoft,b'Heres why Google Apple and Microsoft think its time to kill the password.',19/1/2020,2020,3
Microsoft,b'Why Microsoft Google and Apple want you to ditch your password.',19/1/2020,2020,3
Microsoft,b'Microsoft Issues Serious Windows 10 Upgrade Warning For Windows 7\xe2\x80\x99s 200M Users.',16/1/2020,2020,3
Microsoft,b'Cerence Teams with Microsoft on Enhanced Interoperability for the In Car Experience.',16/1/2020,2020,3
Microsoft,b'How will Microsoft go carbon negative by 2030.',17/1/2020,2020,3
Microsoft,b'Satya Nadella credits Steve Ballmer for pushing Microsoft into the cloud.',16/1/2020,2020,3
Microsoft,b'Microsoft Is Going Carbon Negative What Does That Mean.',20/1/2020,2020,4
Microsoft,b'Microsoft Takes Push to Talk for a Spin on Teams.',21/1/2020,2020,4
Microsoft,b'First Stable Chromium Based Microsoft Edge Browser Released.',15/1/2020,2020,3
Microsoft,b'I tried Microsofts new browser on my MacBook and got a peculiar surprise.',19/1/2020,2020,3
Microsoft,b'Microsoft to add new Chief Strategy and Digital Officers to its executive roster.',17/1/2020,2020,3
Microsoft,b'In a Recent Study Microsoft Found That the Most Successful Teams Share These 5 Traits.',15/1/2020,2020,3
Microsoft,b'Microsoft fixes critical bugs in CryptoAPI RD Gateway and NET.',15/1/2020,2020,3
Microsoft,b'5 things to look for in a vendor before purchasing Microsoft Azure Stack Hub.',21/1/2020,2020,4
Microsoft,b'In the stock market its become Apple Microsoft and Alphabet vs everyone else.',18/1/2020,2020,3
Microsoft,b'Microsoft and Univ of Washington join Georgia Tech team in 25M DNA data storage project.',17/1/2020,2020,3
Microsoft,b'Does Microsoft Want to Put Solar Panels on the Surface Pro.',17/1/2020,2020,3
Microsoft,b'Has journalism finally found its big tech ally Inside Microsofts pitch to publishers.',16/1/2020,2020,3
Microsoft,b'January 17 2020 Scam Alert Expiring License Scam Tricks Microsoft Windows Users.',17/1/2020,2020,3
Microsoft,b'How to configure read receipts in Microsoft Teams.',21/1/2020,2020,4
Microsoft,b'Microsoft pitched Tennessee office to Nashville and state officials.',15/1/2020,2020,3
Microsoft,b'Microsoft Surface Pro X And Pro 7 Review Snapdragon And x86 Experience.',15/1/2020,2020,3
Microsoft,b'Microsoft goes all in on the evergreen platform.',17/1/2020,2020,3
Microsoft,b'Microsoft Zero Day Actively Exploited Patch Forthcoming.',21/1/2020,2020,4
Microsoft,b'Dow Jones News Microsoft Stock Has Upside IBM Signs 1 Billion Deal Ahead of Earnings.',16/1/2020,2020,3
Microsoft,b'Google favors temporary facial recognition ban as Microsoft pushes back.',21/1/2020,2020,4
Microsoft,b'Microsofts pledge to eradicate its carbon footprint.',21/1/2020,2020,4
Microsoft,b'Microsoft Application Inspector Check open source components for unwanted features   Help Net Security.',17/1/2020,2020,3
Microsoft,b'Hey you Microsoft user Windows 7  10 have issues Heres the real fix.',21/1/2020,2020,4
Microsoft,b'Microsoft open sources ONNX Runtime model to speed up Google\xe2\x80\x99s BERT.',21/1/2020,2020,4
Microsoft,b'Microsoft Announces Ignite 2020 Dates   Thurrottcom.',17/1/2020,2020,3
Microsoft,b'Microsoft plans to be carbon negative by 2030.',16/1/2020,2020,3
Microsoft,b'Microsoft To Release Dynamics 365 Commerce for Retail in February 2020.',17/1/2020,2020,3
Microsoft,b'HCL goes all in on Microsoft launches dedicated business unit.',22/1/2020,2020,4
Microsoft,b'How to share your screen in Microsoft Teams.',15/1/2020,2020,3
Microsoft,b'How to install Microsoft fonts on Linux.',21/1/2020,2020,4
Microsoft,b'Microsoft\xe2\x80\x99s camera based AI app solves your math problems.',16/1/2020,2020,3
Microsoft,b'Battle of Dividends Apple vs Microsoft.',15/1/2020,2020,3
Microsoft,b'Has Microsofts game changing housing commitment changed the game.',15/1/2020,2020,3
Microsoft,b'Hendrick Motorsports extends innovation partnership with Microsoft through 2021.',21/1/2020,2020,4
Microsoft,b'Microsoft is apparently canceling its 95 revenue share program Update.',15/1/2020,2020,3
Microsoft,b'Optio3 To Bring Microsoft Azure Cloud and Azure Maps To Commercial Transportation Fleets.',20/1/2020,2020,4
Microsoft,b'How to Unlock Microsofts Free Graphing Calculator in Windows 10.',20/1/2020,2020,4
Microsoft,b'Microsoft quietly removes pledge to share 95 of app revenue on the Microsoft Store.',16/1/2020,2020,3
Microsoft,b'Windows on Arm in 2020 An ecosystem finally worth buying into.',19/1/2020,2020,3
Microsoft,b'Get a taste of the Surface Duo with the new Microsoft Launcher Preview.',15/1/2020,2020,3
Microsoft,b'Microsoft and IBM Heres why we back Google in Oracle Java API copyright case.',15/1/2020,2020,3
Microsoft,b'Microsoft\xe2\x80\x99s well designed 2 in 1 Surface Pro X is up to 200 off.',21/1/2020,2020,4
Microsoft,b'The Next 1 Trillion Stock After Microsoft Apple Alphabet Is.',21/1/2020,2020,4
Microsoft,b'Microsoft Amazon and China\xe2\x80\x99s Huawei among the top 10 recipients of US patents in 2019.',15/1/2020,2020,3
Microsoft,b'HCL Technologies launches dedicated Microsoft biz unit.',21/1/2020,2020,4
Microsoft,b'Microsoft ends updates for Windows 7 January 16 2020.',16/1/2020,2020,3
Microsoft,b'Microsoft confirms HoloLens 2 display issues as headsets remain scarce.',16/1/2020,2020,3
Microsoft,b'Microsoft Launcher 60 impressions Testing the Surface Duo\xe2\x80\x99s launcher.',15/1/2020,2020,3
Microsoft,b'Is Microsoft Israel going to eliminate cybersecurity companies.',15/1/2020,2020,3
Microsoft,b'Let Me Count the Ways I Love Microsoft.',17/1/2020,2020,3
Microsoft,b'How Nokia Died So Quickly After Microsofts Acquisition.',15/1/2020,2020,3
Microsoft,b'Microsofts Satya Nadella on Empowering Retailers With Technology.',15/1/2020,2020,3
Microsoft,b'Microsoft Teams \xe2\x80\x98Working on\xe2\x80\x99 Skype Integration.',17/1/2020,2020,3
Microsoft,b'3 leadership principles that helped CEO Satya Nadella make Microsoft a 1 trillion dollar company.',19/1/2020,2020,3
Microsoft,b'Syneos Health invests in MicrosoftIndegene platform.',15/1/2020,2020,3
Microsoft,b'Heres where Microsofts 250 million for affordable housing is going.',17/1/2020,2020,3
Microsoft,b'Microsoft Pepsi and Visa make moves in week of corporate renewable pledges   PV.',17/1/2020,2020,3
Microsoft,b'Google Cloud Intensifies Battles Against Microsoft Amazon with 4 Moves.',21/1/2020,2020,4
Microsoft,b'Dynatrace \xe2\x80\x98traces\xe2\x80\x99 route to standardised OpenTelemetry observability with Google  Microsoft.',15/1/2020,2020,3
Microsoft,b'Bundling and Sales Order Processing Revenue Recognition in Microsoft Dynamics 365 Finance Part 5.',20/1/2020,2020,4
Microsoft,b'GDPR Microsoft Cloud and Processing Agreements.',21/1/2020,2020,4
Microsoft,b'Microsoft Sees Bullish Option Activity As Stock Hits New All Time High.',16/1/2020,2020,3
Microsoft,b'Microsoft Advertising to deprecate average position after all.',15/1/2020,2020,3
Microsoft,b'Microsoft announces new Live Presentations feature in PowerPoint   MSPoweruser.',16/1/2020,2020,3
Microsoft,b'How Microsoft is helping to revolutionise retail.',15/1/2020,2020,3
Microsoft,b'MS 700 Managing Microsoft Teams Exam Prep Guide and Resources.',20/1/2020,2020,4
Microsoft,b'Microsoft App V as an application virtualization solution Pros  cons.',16/1/2020,2020,3
Microsoft,b'Microsoft Citi Walmart make corporate climate A list.',20/1/2020,2020,4
Microsoft,b'Webinar Data driven Microsoft Teams success with Modality Systems.',19/1/2020,2020,3
Microsoft,b'One stock just joined Apple and Microsoft in the trillion dollar club.',15/1/2020,2020,3
Microsoft,b'Did he swipe right NFL quarterback shows he nose a unique way to use the Microsoft Surface.',20/1/2020,2020,4
Microsoft,b'Microsoft visits Nashville for potential expansion but nixed site tours create uncertainty.',15/1/2020,2020,3
Microsoft,b'8 \xe2\x80\x93 bjork and microsoft use AI to create music that changes with the weather.',20/1/2020,2020,4
Microsoft,b'Amazon Microsoft tap nurses to roll out clinical products   News   MMM   Medical Marketing and Media.',16/1/2020,2020,3
Microsoft,b'Microsofts Indexer Diagnostics Helps Troubleshoot Windows Search.',15/1/2020,2020,3
Microsoft,b'5 new Microsoft Teams firstline worker features coming first half 2020.',16/1/2020,2020,3
Microsoft,b'Seattle AI startup drew interest from Amazon Microsoft Intel before selling to Apple.',16/1/2020,2020,3
Microsoft,b'The Real Reason Microsoft Blew the Xbox Ones Unveil.',15/1/2020,2020,3
Microsoft,b'Microsoft says it will go carbon negative by 2030.',18/1/2020,2020,3
Microsoft,b'Podcast Review Building a business around the Microsoft Power Platform.',21/1/2020,2020,4
Microsoft,b'Microsoft Surface Laptop 3 deal Save 310 on Amazon.',15/1/2020,2020,3
Microsoft,b'Microsoft CEO shows off Surface Duo and its darn slick.',16/1/2020,2020,3
Microsoft,b'Azure receives ISOIEC 27701 privacy certification Microsoft reports.',16/1/2020,2020,3
Microsoft,b'Microsoft Value Creation Is About New Markets And Growth   Not Defending Your Base.',20/1/2020,2020,4
Microsoft,b'Microsoft shuts down Remix3D and an era of consumer focused Windows creativity quietly dies.',15/1/2020,2020,3
Microsoft,b'Bj\xc3\xb6rk and Microsoft use AI to create music that changes with the sky.',17/1/2020,2020,3
Microsoft,b'10 Companies Microsoft Could Buy to Boost Its Growing Cloud Business.',23/1/2020,2020,4
Microsoft,b'Microsoft Security Shocker As 250 Million Customer Records Exposed Online.',22/1/2020,2020,4
Microsoft,b'Former Windows chief reveals Microsoft\xe2\x80\x99s reaction to the iPad.',28/1/2020,2020,5
Microsoft,b'Microsoft Unveils Plan To Push Bing to Office 365 ProPlus Users.',22/1/2020,2020,4
Microsoft,b'The IRS Decided to Get Tough Against Microsoft Microsoft Got Tougher.',22/1/2020,2020,4
Microsoft,b'Microsoft shows how it wants apps to look on its new dual screen computers.',23/1/2020,2020,4
Microsoft,b'Amazon asks court to pause Microsofts work on Pentagons JEDI cloud contract.',23/1/2020,2020,4
Microsoft,b'Opposition grows to Microsofts make Chrome use Bing plan for Office 365 customers.',28/1/2020,2020,5
Microsoft,b'When Microsoft Eats Your Documents.',27/1/2020,2020,5
Microsoft,b'\xe2\x80\x98One of the dumbest things I\xe2\x80\x99ve seen\xe2\x80\x99 Backlash mounts against Microsoft\xe2\x80\x99s plan to install Bing as default Chrome search for some Office users.',24/1/2020,2020,4
Microsoft,b'Microsoft forced to create a free Windows 7 update just days after updates ended.',27/1/2020,2020,5
Microsoft,b'Microsoft Joins The Corporate Race To Zero Carbon.',24/1/2020,2020,4
Microsoft,b'First woman to coach in Super Bowl is \xe2\x80\x98the one\xe2\x80\x99 for Microsoft in Surface ad about game changers.',28/1/2020,2020,5
Microsoft,b'Forbes Microsoft Earnings Preview Cloud Services In Focus.',27/1/2020,2020,5
Microsoft,b'Microsoft opens new 27000 square foot office in Berkeley   San Francisco Business Times.',24/1/2020,2020,4
Microsoft,b'How Satya Nadella and the Cloud Turned Microsoft Around.',25/1/2020,2020,4
Microsoft,b'Apple and Microsoft representatives are set to join a meeting on Monday promoting patient access to health data.',24/1/2020,2020,4
Microsoft,b'Microsoft is helping Google improve Chrome\xe2\x80\x99s tab management.',27/1/2020,2020,5
Microsoft,b'Palestinian activists and Microsoft employees demand company cut ties with AnyVision citing civil rights violations.',28/1/2020,2020,5
Microsoft,b'Microsoft healths Peter Lee says medical data needs to be opened up so patients can get better access.',26/1/2020,2020,4
Microsoft,b'Microsoft inks 522 million deal for data center in Elk Grove Technology Park.',22/1/2020,2020,4
Microsoft,b'Microsoft data leak points to industry wide security vulnerabilities.',24/1/2020,2020,4
Microsoft,b'Microsoft to launch its first cloud region in Israel in 2021.',22/1/2020,2020,4
Microsoft,b'How the Xbox stands between Microsoft and its climate goals.',27/1/2020,2020,5
Microsoft,b'The five biggest tech companies now make up 175 of the SP 500 \xe2\x80\x94 heres how to protect yourself.',28/1/2020,2020,5
Microsoft,b'Microsoft Top Line To Miss FY 2020 Expectations.',27/1/2020,2020,5
Microsoft,b'Microsoft to test \xe2\x80\x98Total Recall\xe2\x80\x99 style personnel scanners at two data centers Redmond office and mystery East Coast location.',22/1/2020,2020,4
Microsoft,b'How to delete Cortana recordings and protect your privacy.',23/1/2020,2020,4
Microsoft,b'Is Project Online ready to replace Microsoft Project.',23/1/2020,2020,4
Microsoft,b'Healthcare faces double barreled threat from Microsoft vulnerabilities.',22/1/2020,2020,4
Microsoft,b'Microsoft accidently exposed 250 million customer service records.',22/1/2020,2020,4
Microsoft,b'Microsoft Tackles Top 2020 Challenge Boosting Azure Reliability.',28/1/2020,2020,5
Microsoft,b'Here\xe2\x80\x99s how much Microsoft reportedly paid game streaming star Ninja to defect from Amazon\xe2\x80\x99s Twitch.',27/1/2020,2020,5
Microsoft,b'Microsofts final Windows 7 update kills desktop wallpaper.',22/1/2020,2020,4
Microsoft,b'Microsoft Looms Over the Privacy Debate in Its Home State.',22/1/2020,2020,4
Microsoft,b'Microsoft Office 365 ProPlus Update Automatically Switches Chrome Users Search Engine to Bing.',28/1/2020,2020,5
Microsoft,b'Microsofts Super Bowl ad thanks Katie Sowers the first woman to coach in the big game.',28/1/2020,2020,5
Microsoft,b'Microsoft attacks Slack by trying to be really really boring.',22/1/2020,2020,4
Microsoft,b'Microsoft releases open source source code analyzer.',27/1/2020,2020,5
Microsoft,b'Microsoft\xe2\x80\x99s Project Tokyo helps visually impaired users \xe2\x80\x98see\xe2\x80\x99 with AI and AR.',28/1/2020,2020,5
Microsoft,b'Microsoft opens new office in Berkeley a first for the East Bay.',23/1/2020,2020,4
Microsoft,b'How Microsofts new carbon negative plan will test the idea of a climate economy.',22/1/2020,2020,4
Microsoft,b'Microsoft is now adding new features to Google Chrome.',27/1/2020,2020,5
Microsoft,b'Microsoft expands with East Bay office a rarity for tech giants.',22/1/2020,2020,4
Microsoft,b'Microsoft earnings preview Cloud business has nothing but blue skies.',28/1/2020,2020,5
Microsoft,b'Why Microsoft Sees AR Not VR as a Big Opportunity.',22/1/2020,2020,4
Microsoft,b'Microsoft\xe2\x80\x99s sneaky plan to switch Chrome searches from Google to Bing.',23/1/2020,2020,4
Microsoft,b'How Microsofts Julie Love made a career in quantum computing.',27/1/2020,2020,5
Microsoft,b'Free Software Foundation Asks Microsoft To Release Windows 7 Code.',24/1/2020,2020,4
Microsoft,b'Microsoft\xe2\x80\x99s Surface Pro X is the world\xe2\x80\x99s most extravagant Chromebook.',28/1/2020,2020,5
Microsoft,b'The new Microsoft Edge 10 rules to take control of your browser.',25/1/2020,2020,4
Microsoft,b'Microsoft Previews New App Reporting and Consent Tools in Azure AD.',27/1/2020,2020,5
Microsoft,b'Microsoft\xe2\x80\x99s carbon negative goals could push other tech companies to catch up.',25/1/2020,2020,4
Microsoft,b'Microsoft Details Confirm Exciting New Surface Hardware.',26/1/2020,2020,4
Microsoft,b'Microsoft Pledges Additional 250 Million to Address Seattle Homelessness Grants Roundup.',22/1/2020,2020,4
Microsoft,b'Is Microsoft\xe2\x80\x99s 250 Million Affordable Housing Injection Enough.',27/1/2020,2020,5
Microsoft,b'Database Access Misconfiguration Exposes 250M Customer Records at Microsoft.',24/1/2020,2020,4
Microsoft,b'How Microsoft Is Foiling Slack\xe2\x80\x99s Road to Profitability.',24/1/2020,2020,4
Microsoft,b'Microsoft T5 Data Centers make purchases in Elk Grove Technology Park.',23/1/2020,2020,4
Microsoft,b'Google and Microsoft shouldnt decide how technology is regulated.',23/1/2020,2020,4
Microsoft,b'Microsoft building massive expansion to former Chevron data center   San Antonio Business Journal.',28/1/2020,2020,5
Microsoft,b'Microsoft\xe2\x80\x99s \xe2\x80\x98Mixed Reality\xe2\x80\x99 Goggles Take Marina Abramovi\xc4\x87 on a World Tour.',27/1/2020,2020,5
Microsoft,b'Microsoft outlines its next wave of Dynamics 365 Power Platform features.',27/1/2020,2020,5
Microsoft,b'Sue Gordon former top ODNI official heads to Microsoft.',24/1/2020,2020,4
Microsoft,b'Microsoft to open its first Israeli cloud region in 2021.',22/1/2020,2020,4
Microsoft,b'By forcing Bing on Chrome users Microsoft is back to its bad old ways.',26/1/2020,2020,4
Microsoft,b'While Microsoft Was Making Its Climate Pledge It Was Sponsoring an Oil Conference.',24/1/2020,2020,4
Microsoft,b'Microsofts Windows Virtual Desktop Is Set To Drive Azure VDI Sales Explosion Partners.',27/1/2020,2020,5
Microsoft,b'Microsoft and Genesys expand partnership to help enterprises seize the power of the cloud for better customer experiences.',23/1/2020,2020,4
Microsoft,b'\xe2\x80\x9cExpiring License\xe2\x80\x9d Scam Tricks Microsoft Users.',26/1/2020,2020,4
Microsoft,b'Amazon Asks Court to Pause Microsofts Pentagon Cloud Contract Should Investors Be Worried.',28/1/2020,2020,5
Microsoft,b'What You Need to Know About New Microsoft Endpoint Manager Preview.',28/1/2020,2020,5
Microsoft,b'Why Google Mozilla sent cakes to Microsoft.',28/1/2020,2020,5
Microsoft,b'How to Switch Over to Microsoft Edge Now That Its Actually Good.',27/1/2020,2020,5
Microsoft,b'Washington state wants to regulate artificial intelligence as Microsoft lobbies for new rules.',24/1/2020,2020,4
Microsoft,b'Amazon and Microsoft are among the tech giants opening wallets in newly hostile Washington DC.',22/1/2020,2020,4
Microsoft,b'Bytedances TikTok hires Microsoft IP chief as general counsel.',24/1/2020,2020,4
Microsoft,b'Microsoft Brings Enhanced NLP Capabilities To ONNX Runtime.',23/1/2020,2020,4
Microsoft,b'Microsoft ordered to turn over records for historic IRS audit  TheHill.',22/1/2020,2020,4
Microsoft,b'China cares as deeply about AI ethics as the US Microsoft CEO says as he calls for global rules.',23/1/2020,2020,4
Microsoft,b'Microsoft CEO Satya Nadella at Davos Every Business Leader Should Read These 3 Books.',28/1/2020,2020,5
Microsoft,b'Microsoft ad features first woman to coach in the Super Bowl.',28/1/2020,2020,5
Microsoft,b'Microsoft Cloud Adoption Framework for Azure Part 1   Microsoft.',24/1/2020,2020,4
Microsoft,b'HCL Technologies launches Microsoft Business Unit.',23/1/2020,2020,4
Microsoft,b'Digital Oilfield Market worth USD 3458 Billion by 2026 Collaboration Between Microsoft Chevron and Schlumberger to Promote Market Expansion states Fortune Business Insights\xe2\x84\xa2.',23/1/2020,2020,4
Microsoft,b'Women in Cloud Summit at Microsoft helps female entrepreneurs in tech.',25/1/2020,2020,4
Microsoft,b'Microsoft Outlook 6 great add ins for business users.',22/1/2020,2020,4
Microsoft,b'How to Know If Your Microsoft Account Has Been Hacked Check Here to See If Youve Been Compromised.',24/1/2020,2020,4
Microsoft,b'Microsoft backs SuperAwesome amid growing demand for child safety tech.',27/1/2020,2020,5
Microsoft,b'Autopay nightmare Jupiter man forked over 2195 a month to Microsoft for 20 years for an email account.',23/1/2020,2020,4
Microsoft,b'Tech in the classroom Microsoft says AI and VR could help future students focus better.',22/1/2020,2020,4
Microsoft,b'Microsoft Surface Pro 7 deal Save up to 23 on Amazon.',24/1/2020,2020,4
Microsoft,b'Microsofts Super Bowl LIV commercial says all it takes is one.',28/1/2020,2020,5
Microsoft,b'Microsoft blinks again promises to clean up after its Win7 Stretch black screen mess.',27/1/2020,2020,5
Microsoft,b'Microsoft Admits It Accidentally Leaked 250 Million Customer Service Records Online.',24/1/2020,2020,4
Microsoft,b'Microsoft Its Go Time.',28/1/2020,2020,5
Microsoft,b'With the next Xbox Microsoft is finally ending its lofty TV ambitions   Business Insider.',22/1/2020,2020,4
Microsoft,b'Microsoft Sets Sights On Elk Grove Technology Park.',22/1/2020,2020,4
Microsoft,b'Satya Nadella explains Microsofts climate responsibilities.',24/1/2020,2020,4
Microsoft,b'Microsoft Open Sources ONNX Acceleration for BERT AI Model.',28/1/2020,2020,5
Microsoft,b'Microsoft Q2 2020 earnings Office Surface and cloud lead results.',29/1/2020,2020,5
Microsoft,b'Microsoft Teams goes down after Microsoft forgot to renew a certificate.',3/2/2020,2020,6
Microsoft,b'Using AI to advance the health of people and communities around the world   Microsoft On the Issues.',29/1/2020,2020,5
Microsoft,b'Microsoft revenue rises 14 to 369B profits exceed estimates cloud rises and games fall.',29/1/2020,2020,5
Microsoft,b'Microsoft Profit Sales Beat as Cloud Demand Persists.',29/1/2020,2020,5
Microsoft,b'Microsoft surpasses 150000 employees for 1st time as hiring surges outside Seattle area HQ.',31/1/2020,2020,5
Microsoft,b'Microsoft Made The Same Move That Launched Amazon 3848.',4/2/2020,2020,6
Microsoft,b'A Look Back At Ten Years Of Microsoft Azure.',3/2/2020,2020,6
Microsoft,b'Microsoft Made the Simplest Mistake That Inconvenienced 20 Million Users.',4/2/2020,2020,6
Microsoft,b'250 Million Microsoft Customer Service Records Exposed Exactly How Bad Was It.',3/2/2020,2020,6
Microsoft,b'New to Windows 10 Heres how long Microsoft will support it.',1/2/2020,2020,5
Microsoft,b'Microsoft cancels Surface Hub 2X launch promises \xe2\x80\x98major\xe2\x80\x99 software update instead.',3/2/2020,2020,6
Microsoft,b'What is Microsoft Search And why is it so important.',29/1/2020,2020,5
Microsoft,b'Microsoft Surface revenue falls short after Earbuds delay as AirPods lift Apple results.',30/1/2020,2020,5
Microsoft,b'Microsoft Previews Conditional Access Policies for Office 365 Apps.',4/2/2020,2020,6
Microsoft,b'The New Microsoft Office Feature Nobody Asked For.',3/2/2020,2020,6
Microsoft,b'Microsoft will now pay up to 20K for Xbox Live security exploits.',31/1/2020,2020,5
Microsoft,b'Microsoft launches 40M AI for Health program to accelerate medical research.',30/1/2020,2020,5
Microsoft,b'Success of Microsofts moonshot climate pledge hinges on forest conservation.',3/2/2020,2020,6
Microsoft,b'Why Microsoft Will Continue To Thrive After Its Blowout Earnings Announcement.',1/2/2020,2020,5
Microsoft,b'Amazon and Microsoft back proposed business tax in breakthrough for fight against homelessness.',4/2/2020,2020,6
Microsoft,b'Move over Google Microsofts the new Android trailblazer.',30/1/2020,2020,5
Microsoft,b'Microsoft revises its Surface Hub 2 conferencing system roadmap again.',2/2/2020,2020,5
Microsoft,b'Microsoft\xe2\x80\x99s Game Stack chief The next generation of games and game development.',3/2/2020,2020,6
Microsoft,b'Amazon and Microsoft restrict employee travel to China as tech giants react to spread of coronavirus.',29/1/2020,2020,5
Microsoft,b'Apple Amazon Microsoft and Alphabet have traveled similar paths on the road to 1 trillion.',31/1/2020,2020,5
Microsoft,b'Microsoft Issues Excel Security Alert As TA505 Campaign Emerges.',31/1/2020,2020,5
Microsoft,b'Hey Microsoft and Facebook \xe2\x80\x94 it\xe2\x80\x99s time to do what Google just did.',4/2/2020,2020,6
Microsoft,b'The Microsoft Edge Browser Features You Should Check Out First.',2/2/2020,2020,5
Microsoft,b'Microsoft Stock at All Time High After Another Strong Quarter.',30/1/2020,2020,5
Microsoft,b'Browser review Microsoft\xe2\x80\x99s new \xe2\x80\x9cEdgium\xe2\x80\x9d Chromium based Edge.',30/1/2020,2020,5
Microsoft,b'Microsoft Strives for a Carbon Free Future A Setback in Fargo Shows the Hard Reality.',30/1/2020,2020,5
Microsoft,b'How to set up and create a team in Microsoft Teams.',30/1/2020,2020,5
Microsoft,b'Microsoft issues second final Windows 7 update.',29/1/2020,2020,5
Microsoft,b'Why Microsoft and Tesla are the decade\xe2\x80\x99s big disrupters.',30/1/2020,2020,5
Microsoft,b'Xbox revenue falls 21 as Microsoft gears up for Xbox Series X debut.',29/1/2020,2020,5
Microsoft,b'Google discloses cloud revenue for the first time \xe2\x80\x94 here\xe2\x80\x99s how it compares to Amazon and Microsoft.',4/2/2020,2020,6
Microsoft,b'G Suite vs Office 365 Whats the best office suite for business.',3/2/2020,2020,6
Microsoft,b'Microsoft\xe2\x80\x99s high end Surface Go includes a Type Cover for 599.',3/2/2020,2020,6
Microsoft,b'Why Is Microsoft Investing in Adaptive Biotechnologies.',1/2/2020,2020,5
Microsoft,b'Microsoft Announces Playwright Alternative to Puppeteer.',30/1/2020,2020,5
Microsoft,b'Microsoft Releases Sustainability Calculator Helps Enterprises Analyze Carbon Emissions.',4/2/2020,2020,6
Microsoft,b'Microsoft Lists SEO as the Most Important Hard Skill for Marketers.',30/1/2020,2020,5
Microsoft,b'Microsoft to show off HoloLens edge computing services at Mobile World Congress 2020.',30/1/2020,2020,5
Microsoft,b'Microsofts Azure Returns to Growth 5 ETFs to Buy.',30/1/2020,2020,5
Microsoft,b'Microsoft to shutter its Ad Monetization platform for Universal Windows Platform apps.',31/1/2020,2020,5
Microsoft,b'Microsoft\xe2\x80\x99s failures to renew Teams Hotmail and Hotmailcouk.',4/2/2020,2020,6
Microsoft,b'What is the Microsoft Teams Service Level Agreement 999 Uptime.',3/2/2020,2020,6
Microsoft,b'Microsoft invests in new artificial intelligence for Health initiative   Business Insider.',31/1/2020,2020,5
Microsoft,b'Dow Jones News Microsoft and Coca Cola Report Strong Results.',30/1/2020,2020,5
Microsoft,b'The Top 9 Microsoft Azure Books You Need to Read in 2020.',4/2/2020,2020,6
Microsoft,b'United Nations Data Breach Started with Microsoft.',30/1/2020,2020,5
Microsoft,b'Former Microsoft leadership coach to give insights on career building   SIU News.',30/1/2020,2020,5
Microsoft,b'Trends at HIMSS20 Microsoft points to cost of care access clinician burnout.',31/1/2020,2020,5
Microsoft,b'Microsoft Doubles Down with Igel as Partners Get First Linux WVD Client \xe2\x80\x93 Channel Futures.',29/1/2020,2020,5
Microsoft,b'Microsoft Search advertising revenue grew slower than expected last quarter.',31/1/2020,2020,5
Microsoft,b'Breakingviews   Will IBM be the next Microsoft or Nokia.',30/1/2020,2020,5
Microsoft,b'Microsoft contractor hit by health and safety violation claims at Israel datacentre building site.',30/1/2020,2020,5
Microsoft,b'Microsofts first release of Dynamics 365 Commerce officially launches.',4/2/2020,2020,6
Microsoft,b'Microsoft Tried to Buy PlatinumGames  Game Rant.',31/1/2020,2020,5
Microsoft,b'Walgreens teams up with Microsoft to launch health corners.',29/1/2020,2020,5
Microsoft,b'Microsoft What Is the Next Technical Price Target.',30/1/2020,2020,5
Microsoft,b'Apple Microsoft\xe2\x80\x94but no EHR vendors\xe2\x80\x94send letter urging HHS to allow API access to patient records.',31/1/2020,2020,5
Microsoft,b'Xbox Series X Vs PlayStation 5 Microsoft Has One Pretty Huge Advantage Over Sony.',31/1/2020,2020,5
Microsoft,b'Trade of the Day for February 4 2020 Microsoft Corporation MSFT.',4/2/2020,2020,6
Microsoft,b'Super Bowl Commercial Preview Microsofts Be The One.',30/1/2020,2020,5
Microsoft,b'PlatinumGames Would Love to Finish Scalebound With Microsofts Permission   IGN.',4/2/2020,2020,6
Microsoft,b'Stocks making the biggest moves midday Tesla Penn National Gaming Facebook Microsoft  more.',30/1/2020,2020,5
Microsoft,b'Helpful Tricks to Maximize Your Outlook Calendar.',29/1/2020,2020,5
Microsoft,b'Microsoft Too Good To Be True Change My Thesis.',30/1/2020,2020,5
Microsoft,b'Xbox is the only weak point for Microsofts strong quarter.',29/1/2020,2020,5
Microsoft,b'Microsoft Advertising Updates Responsive Search Ads Improved Reports  More.',29/1/2020,2020,5
Microsoft,b'Microsoft Office 365 to Make Bing Default Search Engine in Chrome.',30/1/2020,2020,5
Microsoft,b'Lighthouse Launches CloudCompass for Microsoft 365 at Legaltech New York.',3/2/2020,2020,6
Microsoft,b'Microsoft sees 21pc drop in Xbox revenue in latest earnings report.',30/1/2020,2020,5
Microsoft,b'Apple Alphabet Microsoft Facebook and Amazon account for 18 of the SP 500.',4/2/2020,2020,6
Microsoft,b'Microsoft Schools the Gaming Industry with Xbox Game Pass Success.',2/2/2020,2020,5
Microsoft,b'The 10 Best Super Bowl Ads of 2020.',2/2/2020,2020,5
Microsoft,b'How The IoT Will Change CNC Machining.',3/2/2020,2020,6
Microsoft,b'Super Bowl.',31/1/2020,2020,5
Microsoft,b'Bottomline Technologies Reports Second Quarter Results NasdaqEPAY.',30/1/2020,2020,5
Microsoft,b'Microsoft says more than 25 percent of Office 365 licenses now sold through Microsoft 365.',14/2/2020,2020,7
Microsoft,b'Microsoft sneaks working Surface Duo demo into failed event recording.',13/2/2020,2020,7
Microsoft,b'Leaked video reveals Microsoft\xe2\x80\x99s new Outlook \xe2\x80\x98Spaces\xe2\x80\x99 feature.',17/2/2020,2020,8
Microsoft,b'Microsoft may debut Surface Book 3 Surface Go 2 this spring.',14/2/2020,2020,7
Microsoft,b'Microsoft opens its third India engineering center.',17/2/2020,2020,8
Microsoft,b'What is Microsoft Edge Everything you need to know about Microsofts latest web browser.',18/2/2020,2020,8
Microsoft,b'Microsofts February Security Patches Bring Lots of Problems.',18/2/2020,2020,8
Microsoft,b'Microsoft cut off this game makers revenue stream so he built his own replacement.',15/2/2020,2020,7
Microsoft,b'Judge temporarily blocks Microsoft Pentagon cloud contract after Amazon suit.',13/2/2020,2020,7
Microsoft,b'Microsoft to deploy ElectionGuard voting software in first real world test.',17/2/2020,2020,8
Microsoft,b'Microsoft Pulls New Windows 10 Update Causing System Crashes.',17/2/2020,2020,8
Microsoft,b'Microsoft for Startups now offers GitHub and Microsoft Power Platform to participating companies.',13/2/2020,2020,7
Microsoft,b'Atos furthers collaboration with Microsoft to accelerate the cloud transformation of SAPs largest customers.',17/2/2020,2020,8
Microsoft,b'Microsoft\xe2\x80\x99s corpcom default makes for a potential security disaster.',12/2/2020,2020,7
Microsoft,b'How AI is helping map the worlds most vulnerable places  Microsoft On the Issues.',13/2/2020,2020,7
Microsoft,b'Microsoft Alters Windows Extended Security Updates Requirements Yet Again.',12/2/2020,2020,7
Microsoft,b'Microsoft Expands Fluid Framework Preview Among Other Office 365 Improvements.',13/2/2020,2020,7
Microsoft,b'3 Reasons Microsoft Has More Growth Ahead of It.',18/2/2020,2020,8
Microsoft,b'Microsoft Stock Can Keep Rising for 5 Reasons Analyst Says.',13/2/2020,2020,7
Microsoft,b'Microsoft\xe2\x80\x99s Latest Surprise As New Surface Hardware Revealed.',16/2/2020,2020,7
Microsoft,b'Microsoft Surface Laptop 3 135 inches review.',13/2/2020,2020,7
Microsoft,b'Microsoft Teams How to link apps to your collaboration platform.',18/2/2020,2020,8
Microsoft,b'Microsoft This is Windows 10Xs new Wonder Bar for dual screen devices.',12/2/2020,2020,7
Microsoft,b'Microsoft and Samsung partner on Xbox cloud based game streaming.',12/2/2020,2020,7
Microsoft,b'Microsoft Stock Could Keep Surging How to Play It With Stock Options.',18/2/2020,2020,8
Microsoft,b'Microsoft syncs Edges release to Chromes cadence.',12/2/2020,2020,7
Microsoft,b'Microsoft has a subdomain hijacking problem.',19/2/2020,2020,8
Microsoft,b'Microsofts Unified Office App for Android Now Available to Everyone   Thurrottcom.',17/2/2020,2020,8
Microsoft,b'Microsoft\xe2\x80\x99s Scalar speeds up Git.',18/2/2020,2020,8
Microsoft,b'Why Microsofts Xbox partnership with Samsung could be a big deal.',17/2/2020,2020,8
Microsoft,b'Microsofts Windows Terminal This is the final preview of its new command line tool.',14/2/2020,2020,7
Microsoft,b'Microsoft Safe Documents keeps all your files protected.',12/2/2020,2020,7
Microsoft,b'How to use Microsoft Passport in Windows 10.',18/2/2020,2020,8
Microsoft,b'Microsoft is the biggest recipient of ESG SRI stock fund investment.',18/2/2020,2020,8
Microsoft,b'How GitHub Low Coders  Microsoft Forever Changed Programming \xe2\x80\x93  Business Strategy.',14/2/2020,2020,7
Microsoft,b'Microsoft president says big tech has fundamental responsibility to protect US voting process.',15/2/2020,2020,7
Microsoft,b'Apple Microsoft and Intel Stock Have Been Killing It Why Fund Managers Dont Have Enough.',17/2/2020,2020,8
Microsoft,b'Trump crowns Microsoft Amazon Google and Apple as trillion dollar MAGA companies.',12/2/2020,2020,7
Microsoft,b'How to clear your cookies on a Microsoft Edge browser to help it run more efficiently.',14/2/2020,2020,7
Microsoft,b'Office 365 Safe Documents and Application Guard Previews Announced.',13/2/2020,2020,7
Microsoft,b'ELHS students receive Microsoft certifications  News Sports Jobs   The Review.',18/2/2020,2020,8
Microsoft,b'Microsoft unveils Scalar tool for vast Git repos \xe2\x80\xa2 DEVCLASS.',14/2/2020,2020,7
Microsoft,b'Microsoft and Nike have created a custom Jordan branded Xbox One X.',13/2/2020,2020,7
Microsoft,b'20 quotes by Microsoft chief Satya Nadella that reveal the secret behind his success.',15/2/2020,2020,7
Microsoft,b'How to report a phishing or spam email to Microsoft.',17/2/2020,2020,8
Microsoft,b'Microsoft\xe2\x80\x99s latest Chromium based Edge browser has tools to protect your privacy.',13/2/2020,2020,7
Microsoft,b'Microsofts VS Code Python programming language extension gets this new update.',12/2/2020,2020,7
Microsoft,b'IBM Goes All In on Slack Microsoft Teams Gets a New Boss More News.',14/2/2020,2020,7
Microsoft,b'Estate of Late Microsoft Co Founder Paul Allen Sells for 35 Million.',14/2/2020,2020,7
Microsoft,b'Microsoft Lured Ninja to Mixer But Audience Is Barely Growing.',12/2/2020,2020,7
Microsoft,b'Surprising Surface Failure Highlights Microsoft\xe2\x80\x99s Awkward Advantage.',13/2/2020,2020,7
Microsoft,b'Microsoft names Braverman Blumenstyk head of Israel development center.',12/2/2020,2020,7
Microsoft,b'Microsoft Vs Sony \xe2\x80\x94 Is This the End of the Competition.',13/2/2020,2020,7
Microsoft,b'Retailers use Microsoft technology to future proof the industry.',17/2/2020,2020,8
Microsoft,b'Microsoft boss Nadella to visit India later this month sources.',12/2/2020,2020,7
Microsoft,b'Understanding and Reporting on Non Discoverable Hidden Microsoft Teams.',12/2/2020,2020,7
Microsoft,b'Microsoft Details Massive 17 Billion Parameter Language Model.',12/2/2020,2020,7
Microsoft,b'Microsoft joins Innovaccers 70M funding round.',14/2/2020,2020,7
Microsoft,b'Microsofts focus on brand trust.',19/2/2020,2020,8
Microsoft,b'The Conversation Microsoft CEO Satya Nadella on how the tech industry can win back public trust.',17/2/2020,2020,8
Microsoft,b'Apple set to lose title of most valuable US companies to Microsoft.',18/2/2020,2020,8
Microsoft,b'Microsofts new strategy to accelerate business in India A separate business unit withing large IT companies.',14/2/2020,2020,7
Microsoft,b'Good News Microsoft Wont Force Office 365 Pro Plus Users to Use Bing.',18/2/2020,2020,8
Microsoft,b'CDK Global Teams up With Microsoft to Drive Dealer and Developer Led Innovation in Automotive Industry.',13/2/2020,2020,7
Microsoft,b'Theres A Lot To Like About Microsoft Corporations NASDAQMSFT Upcoming US051 Dividend.',15/2/2020,2020,7
Microsoft,b'Transitioning Military Eligible for Free Software Development Training with New Microsoft Partnership.',13/2/2020,2020,7
Microsoft,b'Microsoft and Amazon cloud competition plays out in DC   Puget Sound Business Journal.',13/2/2020,2020,7
Microsoft,b'Panel Discussion Cisco Webex vs Microsoft Teams vs Zoom.',18/2/2020,2020,8
Microsoft,b'Apple retakes most valuable title as stock rallies while Microsoft shares slip.',12/2/2020,2020,7
Microsoft,b'Lets Catch Up With the Student Who Hilariously Showed Up to Her Microsoft Job Interview a Full Month Early.',18/2/2020,2020,8
Microsoft,b'Microsoft empowers US Air Force with modern IT.',12/2/2020,2020,7
Microsoft,b'Oracle hits IBM Microsoft support for Google in Supreme Court battle.',17/2/2020,2020,8
Microsoft,b'There Has Simply Never Been a Stock Like Microsoft Stock.',14/2/2020,2020,7
Microsoft,b'Cloud Giant Microsoft Azure Embraces Commercial Blockchain.',18/2/2020,2020,8
Microsoft,b'iSchool Microsoft to analyze data about Syracuse.',12/2/2020,2020,7
Microsoft,b'Teradici Claims First Third Party Virtual Desktop Solution for Microsoft Azure Stack.',13/2/2020,2020,7
Microsoft,b'Federated launches new CBRS services with AWS Microsoft Azure.',18/2/2020,2020,8
Microsoft,b'Elon Musk calls Bill Gates \xe2\x80\x98underwhelming\xe2\x80\x99 after Microsoft founder says he bought an electric\xe2\x80\xa6Porsche.',18/2/2020,2020,8
Microsoft,b'Teradici Extends Cloud Access Software to Microsoft Azure Stack with PCoIP Ultra \xe2\x80\x93 Channel Futures.',18/2/2020,2020,8
Microsoft,b'Mac software threats climbed 400 in 2019 more than Microsoft Windows report says.',12/2/2020,2020,7
Microsoft,b'Microsofts ION Is an Open Source Bet on Bitcoin.',18/2/2020,2020,8
Microsoft,b'Hotmail email Is Hotmail and Outlook the same Will Microsoft get rid of YOUR account.',18/2/2020,2020,8
Microsoft,b'Microsoft Stock Has Finally Hit a Wall.',12/2/2020,2020,7
Microsoft,b'Spotify client Spotimo will soon be removed from the Microsoft Store.',14/2/2020,2020,7
Microsoft,b'Microsoft Surface Laptops are missing the point on why people prefer Windows in the first place.',19/2/2020,2020,8
Microsoft,b'Microsofts GitHub Our new gh command line interface makes you more productive.',13/2/2020,2020,7
Microsoft,b'How is Microsoft paving the way for next generation healthcare.',18/2/2020,2020,8
Microsoft,b'Evolve IP Integrates Microsoft Teams with Cisco Voice Communications Enhances Microsoft Teams Phone Systems and Ensures Business Continuity.',14/2/2020,2020,7
Microsoft,b'Microsoft Dynamics 365 Business Central The Best Path for Creating and Maintaining Extensions.',13/2/2020,2020,7
Microsoft,b'DevOps for IoT device fleets Ex Microsoft Amazon leaders raise 76M for Seattle area startup Esper.',13/2/2020,2020,7
Microsoft,b'Aimia Loyalty Solutions SaaS Platform Now Available on Microsoft Azure.',12/2/2020,2020,7
Microsoft,b'Stock market live Thursday Comeback fails Tesla surges Microsoft under pressure.',13/2/2020,2020,7
Microsoft,b'FTC orders Google Amazon Apple Facebook and Microsoft to reveal acquisition data.',12/2/2020,2020,7
Microsoft,b'Microsofts Xbox Game Studios to host camp in New Orleans.',12/2/2020,2020,7
Microsoft,b'Microsoft rolls out redesigned Office apps for iOS and iPadOS.',12/2/2020,2020,7
Microsoft,b'Microsoft Open Sources Project Petridish for Deep Learning Optimization.',18/2/2020,2020,8
Microsoft,b'17 Billion Parameters Microsoft DeepSpeed Breeds World\xe2\x80\x99s Largest NLP Model.',12/2/2020,2020,7
Microsoft,b'September 2022 Options Now Available For Microsoft MSFT.',14/2/2020,2020,7
Microsoft,b'Angelina Jolie and Microsoft create childrens news show for BBC World.',14/2/2020,2020,7
Microsoft,b'India on its mind Microsoft to house a cloud unit within big IT cos.',14/2/2020,2020,7
Microsoft,b'Microsoft unveils new logo design for signature Windows apps.',21/2/2020,2020,8
Microsoft,b'Delivering on the promise of security AI to help defenders protect todays hybrid environments   The Official Microsoft Blog.',20/2/2020,2020,8
Microsoft,b'Microsoft\xe2\x80\x99s new Office app now available to download on iOS and Android.',19/2/2020,2020,8
Microsoft,b'How Microsoft 365 uses AI to stop data leaks  insider attacks.',20/2/2020,2020,8
Microsoft,b'Microsoft Launches Host of Security Products in Time for RSA.',21/2/2020,2020,8
Microsoft,b'Microsoft rolls out colorful new Windows 10 icons.',20/2/2020,2020,8
Microsoft,b'Microsoft plans antivirus software for Android and iOS devices.',20/2/2020,2020,8
Microsoft,b'Microsofts Azure Sphere for IoT Devices Now Commercially Available.',24/2/2020,2020,9
Microsoft,b'Microsoft to spend 11B in Mexico on digital access programs.',20/2/2020,2020,8
Microsoft,b'Mover SharePoint Migration Tool Now Available to Microsoft 365 Subscribers.',25/2/2020,2020,9
Microsoft,b'Microsoft offers a closer look at the next Xbox.',24/2/2020,2020,9
Microsoft,b'Microsoft launches entrepreneurship program to support startups tackling societal challenges.',21/2/2020,2020,8
Microsoft,b'7 things Microsoft didnt tell us about the new Office app.',25/2/2020,2020,9
Microsoft,b'Ex Microsoft engineer convicted of 18 felonies after stealing 10M in digital currency.',25/2/2020,2020,9
Microsoft,b'Democratic debate which Microsoft Office product is each candidate.',19/2/2020,2020,8
Microsoft,b'Microsoft Dynamics 365 update is focused on harnessing data.',19/2/2020,2020,8
Microsoft,b'Here are the most important execs at Microsoft under Satya Nadella.',23/2/2020,2020,8
Microsoft,b'Where Will Microsoft Be in 5 Years.',22/2/2020,2020,8
Microsoft,b'Cisco  Microsoft Changing Their Battle Tactics.',24/2/2020,2020,9
Microsoft,b'Microsoft launches 100X100X100 program to help Indian B2B SaaS startups.',24/2/2020,2020,9
Microsoft,b'Check Point Software Technologies Recognized as a Microsoft Security 2020 Partner Award Winner for Most Prolific Integration Partner.',25/2/2020,2020,9
Microsoft,b'ProBeat AI is helping Microsoft rethink Office for mobile.',21/2/2020,2020,8
Microsoft,b'A Rosy Forecast for Microsoft Shares.',21/2/2020,2020,8
Microsoft,b'Microsoft hopes its technology will help Americans trust voting again.',24/2/2020,2020,9
Microsoft,b'Bill Gates was an angry difficult boss in early Microsoft days\xe2\x80\x94heres why employees still liked him.',24/2/2020,2020,9
Microsoft,b'6 Ways Organizations Are Using Microsoft OneDrive.',19/2/2020,2020,8
Microsoft,b'Google Goes Live with Managed Service for Microsoft Active Directory.',21/2/2020,2020,8
Microsoft,b'How to identify counterfeit Microsoft software \xc2\xbb OnMSFTcom.',25/2/2020,2020,9
Microsoft,b'Microsoft Launches Marketing Blitz as Teams Blows Past 20 Million Users.',20/2/2020,2020,8
Microsoft,b'Microsoft To Open Azure Cloud Data Center Region In Spain.',25/2/2020,2020,9
Microsoft,b'PS5 vs Xbox Series X Poll reveals Microsofts big advantage over Sony.',19/2/2020,2020,8
Microsoft,b'What is Microsoft Endpoint Manager MEM.',24/2/2020,2020,9
Microsoft,b'Google Microsoft Amazon Engineer Salaries Revealed Which Pay Most.',25/2/2020,2020,9
Microsoft,b'For Microsoft Beauty Is In The Eye Of The \xe2\x80\x98Controller\xe2\x80\x99.',25/2/2020,2020,9
Microsoft,b'Do you like Microsofts new colorful icons for Windows 10.',24/2/2020,2020,9
Microsoft,b'Artificial intelligence makes a splash in efforts to protect Alaskas ice seals and beluga whales   Stories.',19/2/2020,2020,8
Microsoft,b'How to make a transcript of a Microsoft Teams call for distribution.',20/2/2020,2020,8
Microsoft,b'Microsoft\xe2\x80\x99s CodeBERT ingests public GitHub repositories to help you find code.',21/2/2020,2020,8
Microsoft,b'Microsoft wants to give Windows 10 File Explorer some love according to new job listing.',25/2/2020,2020,9
Microsoft,b'Get a Microsoft Surface For as Low As 499 for All Your On the Go Business Needs.',22/2/2020,2020,8
Microsoft,b'When Is Microsoft a Sell.',19/2/2020,2020,8
Microsoft,b'Microsoft pilots election security technology.',19/2/2020,2020,8
Microsoft,b'The mess behind Microsoft\xe2\x80\x99s yanked UEFI patch KB 4524244.',20/2/2020,2020,8
Microsoft,b'Users push for Outlook tab in Microsoft Teams.',21/2/2020,2020,8
Microsoft,b'Microsoft vs Amazon vs White House  Pentagon cloud project delay.',24/2/2020,2020,9
Microsoft,b'Windows 10 could get a new Start menu as Microsoft kills off one of its most useless features.',25/2/2020,2020,9
Microsoft,b'How to manage security and privacy in the new Microsoft Edge browser.',19/2/2020,2020,8
Microsoft,b'Radware Joins Microsoft Intelligent Security Association NasdaqRDWR.',24/2/2020,2020,9
Microsoft,b'Gamings Future May Lie in Microsoft  Sony Working Together   CBR.',25/2/2020,2020,9
Microsoft,b'Cisco Google Microsoft Lead Chorus of New Security Initiatives.',25/2/2020,2020,9
Microsoft,b'5 ways Microsoft boosts engagement and internal culture.',26/2/2020,2020,9
Microsoft,b'Microsoft pitches its tech as solution to election results mistrust   Business Insider.',20/2/2020,2020,8
Microsoft,b'ServiceNow Recognized as a Microsoft Security 2020 Partner Award Winner.',25/2/2020,2020,9
Microsoft,b'Microsoft Stock Pulls Back Time To Buy More Or Sell.',21/2/2020,2020,8
Microsoft,b'Windows as we know it is dead what comes next.',19/2/2020,2020,8
Microsoft,b'Microsoft Surface Pro 7 Deal With Core i7 256GB SSD Now 1300.',24/2/2020,2020,9
Microsoft,b'Microsoft is adding a \xe2\x80\x9cGarage\xe2\x80\x9d for \xe2\x80\x9cdoers not talkers\xe2\x80\x9d to Dublin Ireland facility.',25/2/2020,2020,9
Microsoft,b'Terranova Security Partners with Microsoft to Provide Inclusive and Human Centric Security Awareness Content.',21/2/2020,2020,8
Microsoft,b'Leaked video Microsoft Mixer GM asks employees not to complain.',25/2/2020,2020,9
Microsoft,b'Microsofts Open Source Scalar Brings Large Repository Support for Git \xe2\x80\x93 The New Stack.',24/2/2020,2020,9
Microsoft,b'Google Is Now Warning Millions Of Microsoft Edge Users To Switch To Chrome Here\xe2\x80\x99s Why.',21/2/2020,2020,8
Microsoft,b'Microsoft doesn\xe2\x80\x99t think Mixed Reality is dead \xe2\x80\x93 instead wants more developers on board.',20/2/2020,2020,8
Microsoft,b'Zayo brings its fiber footprint to Microsofts Airband initiative.',21/2/2020,2020,8
Microsoft,b'Report Morale among Microsofts Mixer team is at an all time low.',25/2/2020,2020,9
Microsoft,b'Google is trying to scare Microsoft Edge users into switching to Chrome.',20/2/2020,2020,8
Microsoft,b'Federal Court Holds Microsoft Documents Not Privileged Falling Within Tax Shelter Exception.',21/2/2020,2020,8
Microsoft,b'Biometric passwordless authentication devices for Microsoft Azure AD announced at RSA.',25/2/2020,2020,9
Microsoft,b'How to manage the new Microsoft Edge through Group Policy.',21/2/2020,2020,8
Microsoft,b'Microsoft Surface Pro 7 Review An i7 Upgrade with Extra GPU Performance.',21/2/2020,2020,8
Microsoft,b'Microsofts massive Power Apps ambition Is it their next 10 billion cloud business.',25/2/2020,2020,9
Microsoft,b'Kaspersky Blames Microsoft For Buggy Windows 10 Patch.',19/2/2020,2020,8
Microsoft,b'Google Docs Forms Abused by Phishers to Harvest Microsoft Credentials.',24/2/2020,2020,9
Microsoft,b'Limitations of Microsoft Teams private channels rankle users.',19/2/2020,2020,8
Microsoft,b'Qunifi inks Vonage partnership to integrate Microsoft Teams for enterprises.',24/2/2020,2020,9
Microsoft,b'Microsoft Dynamics 365 Project Operations The road to the new PSA.',20/2/2020,2020,8
Microsoft,b'CenturyLink Joins Networking Managed Service Provider Program for Microsoft Azure.',24/2/2020,2020,9
Microsoft,b'Lime scooters are returning to Microsoft\xe2\x80\x99s hometown.',24/2/2020,2020,9
Microsoft,b'How to use HTTP overrides on Azure CDN from Microsoft   Microsoft.',21/2/2020,2020,8
Microsoft,b'This Is Not The Time to Panic Out of Microsoft Stock.',25/2/2020,2020,9
Microsoft,b'Microsoft Danone Partner to Advance AI Based Sustainable Food Solutions.',20/2/2020,2020,8
Microsoft,b'Executives From Microsoft Corporation  Thomas Jefferson UniversityJefferson Health To Keynote The 2020 OPEN MINDS Technology  Analytics Institute This October In Las Vegas.',24/2/2020,2020,9
Microsoft,b'Microsofts new security tool helps businesses flag internal risks.',22/2/2020,2020,8
Microsoft,b'Microsoft Encarta Let Wizard Do It  Retro Tech   Microsoft.',25/2/2020,2020,9
Microsoft,b'Shure ceiling and table array microphones certified for Microsoft.',23/2/2020,2020,8
Microsoft,b'What Is a Modern Desktop.',24/2/2020,2020,9
Microsoft,b'Fuze Simplifies Enterprise Communications with Microsoft Teams Integration.',25/2/2020,2020,9
Microsoft,b'Microsoft Stands Head and Shoulders Above the Rest in ESG.',21/2/2020,2020,8
Microsoft,b'Microsoft patches IE vulnerability being exploited in the wild  SC Media.',20/2/2020,2020,8
Microsoft,b'RingCentrals CFO Talks About Competing Against Microsoft Cisco and Others.',20/2/2020,2020,8
Microsoft,b'Oracle Says Microsoft IBM Are Faking Amicus Support for Google  The Recorder.',19/2/2020,2020,8
Microsoft,b'Microsoft in discussions with Germans on Gaia X participation.',25/2/2020,2020,9
Microsoft,b'Skybox Security Delivers Enhanced Vulnerability Management Powered by Microsoft Defender Advanced Threat Protection.',25/2/2020,2020,9
Microsoft,b'Bet on Microsoft  5 Other Top Ranked Tech Stocks to Win Big.',20/2/2020,2020,8
Microsoft,b'Al Gore\xe2\x80\x99s Firm Sold Deere Analog Devices and Microsoft Stock Here\xe2\x80\x99s What it\xe2\x80\x99s Buying.',19/2/2020,2020,8
Microsoft,b'Microsoft Defender coming to devices running Android iOS.',24/2/2020,2020,9
Microsoft,b'Firedome Announces Integration With Microsoft Azure Security Center for IoT to Offer End to End Device Cyber Threat Detection Prevention and Response.',21/2/2020,2020,8
Microsoft,b'Microsoft Stock Looks Ready for a Correction Toward 130.',24/2/2020,2020,9
Microsoft,b'Google is scaring Microsoft Edge users with security warning.',20/2/2020,2020,8
Microsoft,b'Microsoft and BMW expand Open Manufacturing Platform.',20/2/2020,2020,8
Microsoft,b'Why a Top World Stock Fund Likes Microsoft Alibaba and Johnson  Johnson.',19/2/2020,2020,8
Microsoft,b'Microsoft warns it will miss guidance for segment that includes Windows because of coronavirus.',26/2/2020,2020,9
Microsoft,b'Microsoft sees opportunity in old computers that still need to be upgraded from Windows 7.',2/3/2020,2020,10
Microsoft,b'Microsoft Universal Print Service Now at Private Preview.',2/3/2020,2020,10
Microsoft,b'Microsoft scores a touchdown with NFL deal for Teams.',3/3/2020,2020,10
Microsoft,b'10 things you take for granted when you have internet access  Microsoft On the Issues.',27/2/2020,2020,9
Microsoft,b'Microsoft Ending Three Certifications in June.',28/2/2020,2020,9
Microsoft,b'Microsoft drops Cortana consumer skills in new Windows 10 update.',28/2/2020,2020,9
Microsoft,b'Microsoft cancels MVP Summit in Seattle area amid coronavirus outbreak.',2/3/2020,2020,10
Microsoft,b'Coronavirus Microsoft warns of hit to computer sales.',27/2/2020,2020,9
Microsoft,b'Microsoft Cisco Integrate Their Cloud and IoT Services.',3/3/2020,2020,10
Microsoft,b'Microsoft shares slip after warning of coronavirus hit to supply chain.',27/2/2020,2020,9
Microsoft,b'Microsoft loses 232 billion in market cap in 7 days \xe2\x80\x93 watch for this buy zone trader says.',28/2/2020,2020,9
Microsoft,b'After flying in space twice Microsoft billionaire Charles Simonyi follows his passion whiteboards.',27/2/2020,2020,9
Microsoft,b'Microsoft looks to give Yammer a new lease of life can it.',28/2/2020,2020,9
Microsoft,b'Microsoft Stock Could Sell Off Into the Summer.',3/3/2020,2020,10
Microsoft,b'Microsoft Didnt Remove the SMB1 Protocol from Windows.',26/2/2020,2020,9
Microsoft,b'The hidden history of Microsoft and Facebook and what it says about the social network\xe2\x80\x99s future.',3/3/2020,2020,10
Microsoft,b'Microsoft 71 year old billionaire Charles Simonyi still goes to work.',27/2/2020,2020,9
Microsoft,b'Google and Microsoft are giving away enterprise conferencing tools due to coronavirus.',3/3/2020,2020,10
Microsoft,b'Microsoft drops out of gaming conference because of coronavirus concerns.',27/2/2020,2020,9
Microsoft,b'How to prevent scripting attacks in Microsoft Office.',26/2/2020,2020,9
Microsoft,b'Google and Microsoft just canceled two conferences ahead of their major ones.',2/3/2020,2020,10
Microsoft,b'Google says Microsoft Edge isnt secure I asked Google why.',28/2/2020,2020,9
Microsoft,b'Microsoft posts statement about coronavirus on several of its event websites.',3/3/2020,2020,10
Microsoft,b'What Facebook could learn from Microsoft.',3/3/2020,2020,10
Microsoft,b'Microsoft Teams just added new Outlook integration chat updates and more.',2/3/2020,2020,10
Microsoft,b'Better Buy Microsoft vs IBM.',2/3/2020,2020,10
Microsoft,b'Microsoft Immersive Reader Use this handy tool to make your own apps better.',3/3/2020,2020,10
Microsoft,b'Public health agency to evaluate 150 Microsoft vendors for TB after exposure to infected employee.',28/2/2020,2020,9
Microsoft,b'New Windows 10 update Microsoft tries again to fix Search bugs.',28/2/2020,2020,9
Microsoft,b'Microsofts Android Surface Duo This is how youll peek at messages and calls.',27/2/2020,2020,9
Microsoft,b'Microsoft Goes All In On RPA Robotic Process Automation.',2/3/2020,2020,10
Microsoft,b'Microsofts Xbox Series X will be able to resume games even after a reboot.',26/2/2020,2020,9
Microsoft,b'Microsoft Bringing SMB Over QUIC to Windows.',2/3/2020,2020,10
Microsoft,b'Cortana reborn Microsofts digital assistant becomes less about Alexa more a productivity app.',3/3/2020,2020,10
Microsoft,b'Google Microsoft shift production from China faster due to virus.',26/2/2020,2020,9
Microsoft,b'The dual screen Microsoft Surface Duo could be launching earlier than expected.',1/3/2020,2020,9
Microsoft,b'Microsoft is expanding its antivirus software to iOS and Android.',29/2/2020,2020,9
Microsoft,b'Former engineer found guilty of stealing 10M in digital currency from Microsoft.',27/2/2020,2020,9
Microsoft,b'Ex Microsoft Engineer Guilty Of Pilfering 10M In eCurrency.',26/2/2020,2020,9
Microsoft,b'Pax8s Nick Heddy Run With Microsoft To Capture 180B SMB Spend.',2/3/2020,2020,10
Microsoft,b'The Console War Is Over Because Sony Left Microsoft Behind From The Start.',28/2/2020,2020,9
Microsoft,b'Microsoft Is Investing Over 1 Billion in This Unloved Emerging Market.',27/2/2020,2020,9
Microsoft,b'Microsoft wants to invest in Indonesia data centers says Indonesian president.',26/2/2020,2020,9
Microsoft,b'Microsoft\xe2\x80\x99s original Halo game is now available on PC.',3/3/2020,2020,10
Microsoft,b'Microsoft is retiring its MCSA MCSD and MCSE certifications in June 2020.',28/2/2020,2020,9
Microsoft,b'Vatican joins IBM Microsoft to call for facial recognition regulation.',28/2/2020,2020,9
Microsoft,b'Stocks making the biggest moves in the premarket Best Buy Microsoft Etsy Box Square  more.',27/2/2020,2020,9
Microsoft,b'Sonasoft Awarded Coveted Microsoft CSP Status and Achieves Nearly 600 Growth YoY.',28/2/2020,2020,9
Microsoft,b'Microsoft IBM and Amazon are under pressure to drop gender labels from AI tools   Business Insider.',1/3/2020,2020,9
Microsoft,b'IT to transition GW to Microsoft email calendar services over 2020.',2/3/2020,2020,10
Microsoft,b'Blue Cedar and Microsoft enable Intune users to connect from managed mobile apps to data sources   Help Net Security.',2/3/2020,2020,10
Microsoft,b'Ex Microsoft software engineer convicted of embezzling 10 million in digital value.',28/2/2020,2020,9
Microsoft,b'UTEP Microsoft collaborate to address shortage of computer science teachers.',27/2/2020,2020,9
Microsoft,b'Vendor employee at Microsoft diagnosed with tuberculosis.',27/2/2020,2020,9
Microsoft,b'Microsofts internal coronavirus response Leaked email.',2/3/2020,2020,10
Microsoft,b'Unlock the power of Microsoft Excel with this comprehensive bundle.',28/2/2020,2020,9
Microsoft,b'Microsoft Invests In A New AI For Health Initiative.',28/2/2020,2020,9
Microsoft,b'Why Investors Shouldnt Panic Over Microsofts Coronavirus Warning.',2/3/2020,2020,10
Microsoft,b'Amazon Microsoft cloud computing can weather a recession and coronavirus analysts say.',3/3/2020,2020,10
Microsoft,b'Microsoft to retire MCSA MCSD MCSE certifications in June.',2/3/2020,2020,10
Microsoft,b'Microsoft sets Power Automate\xe2\x80\x99s RPA pricing general availability for April 2.',2/3/2020,2020,10
Microsoft,b'New Microsoft VS Code browser editor update \xe2\x80\x93 better Go Python language Docker support.',28/2/2020,2020,9
Microsoft,b'Microsoft\xe2\x80\x99s translucent Xbox controller looks the best in new pink option.',2/3/2020,2020,10
Microsoft,b'Better Buy Cisco Systems vs Microsoft.',29/2/2020,2020,9
Microsoft,b'Microsoft Teams has new features that focus on communication across apps locations and roles.',28/2/2020,2020,9
Microsoft,b'iOS and Android developers Microsofts Blazor for building mobile apps gains traction.',27/2/2020,2020,9
Microsoft,b'How to transfer Microsoft Word macros to another computer.',28/2/2020,2020,9
Microsoft,b'Microsoft Releases March 2020 Office Updates With Fixes Improvements.',3/3/2020,2020,10
Microsoft,b'Indonesias president promises to fast track Microsoft data center.',2/3/2020,2020,10
Microsoft,b'Apple Microsoft and others may benefit from forced labor in China update.',2/3/2020,2020,10
Microsoft,b'Microsoft Stock Is on the Defensive What Investors Can Expect Now.',27/2/2020,2020,9
Microsoft,b'SocialChorus Connects the Digital Workplace and Unifies Enterprise Analytics with Microsoft Office 365.',27/2/2020,2020,9
Microsoft,b'Microsoft antivirus software for Android iOS a reflection of the times.',28/2/2020,2020,9
Microsoft,b'Microsoft updates Visual Studio roadmap.',3/3/2020,2020,10
Microsoft,b'What this former Microsoft exec turned nonprofit leader learned from Satya Nadella.',1/3/2020,2020,9
Microsoft,b'How to assign a keyboard shortcut to a Microsoft Word style.',27/2/2020,2020,9
Microsoft,b'How one man could have flooded your phone with Microsoft spam.',27/2/2020,2020,9
Microsoft,b'Where hybrid cloud is headed next and the role of Microsoft Azure.',27/2/2020,2020,9
Microsoft,b'Microsoft Awards UW Funds to Apply Artificial Intelligence Technology to Dataset Analysis  News  Unviersity of Wyoming.',2/3/2020,2020,10
Microsoft,b'Microsoft Announces General Availability of AMD backed Azure HBv2 Instances for HPC.',27/2/2020,2020,9
Microsoft,b'Microsoft swallows feedback bangs Visual Studio Online preview into shape \xe2\x80\xa2 DEVCLASS.',2/3/2020,2020,10
Microsoft,b'Microsoft Releases Azure App Configuration to General Availability.',29/2/2020,2020,9
Microsoft,b'Microsofts John Thompson and VMwares Sanjay Poonen share a similar view of the security landscape.',28/2/2020,2020,9
Microsoft,b'Microsoft Announcements on Azure Artificial Intelligence.',29/2/2020,2020,9
Microsoft,b'Instagram launches PWA in Microsoft Store with direct messaging.',26/2/2020,2020,9
Microsoft,b'Amazon Microsoft team up with Consumer Technology Association on healthcare AI standards.',26/2/2020,2020,9
Microsoft,b'GameCore based test game show up in the Microsoft Store   MSPoweruser.',26/2/2020,2020,9
Microsoft,b'How to enable Adobe Flash Player on a Microsoft Edge browser.',3/3/2020,2020,10
Microsoft,b'Is Microsoft Corporation MSFT A Good Stock To Buy.',3/3/2020,2020,10
Microsoft,b'Microsoft And Perkins Coie LLP Host Tech Law Summit Encourage Diversity of Legal Professionals In Tech Industry Feb 27.',26/2/2020,2020,9
Microsoft,b'Standardize mobile UI with Microsoft Launcher for Android.',28/2/2020,2020,9
Microsoft,b'SHI Named Microsoft Azure Expert Managed Services Provider.',26/2/2020,2020,9
Microsoft,b'Quectel collaborates with Microsoft and Qualcomm on IoT solutions.',26/2/2020,2020,9
Microsoft,b'Attackers probing for vulnerable Microsoft Exchange Servers is yours one of them   Help Net Security.',26/2/2020,2020,9
Microsoft,b'GDC watching coronavirus concerns \xe2\x80\x98closely\xe2\x80\x99 as as Epic Microsoft and others cancel appearances.',28/2/2020,2020,9
Microsoft,b'How Security Leaders at Starbucks and Microsoft.',2/3/2020,2020,10
Microsoft,b'The Technology 202 Microsofts warning to investors shows worsening coronavirus impact on tech.',27/2/2020,2020,9
Microsoft,b'Is Microsoft building data centres in Indonesia.',28/2/2020,2020,9
Microsoft,b'Microsoft Vet Kevin Dallas Named Wind River CEO.',28/2/2020,2020,9
Microsoft,b'Microsoft will pay hourly workers regularly even if they spend less time on the clock because of coronavirus.',5/3/2020,2020,10
Microsoft,b'Microsoft Rolls Out Crisis Communication App Promotes Free Teams Use Amid Coronavirus Fears.',5/3/2020,2020,10
Microsoft,b'Microsoft Fluid Framework What It Means And Doesnt for Office 365.',6/3/2020,2020,10
Microsoft,b'5 Partners On The Biggest Opportunities With Microsoft In 2020.',5/3/2020,2020,10
Microsoft,b'Microsoft tells Bay Area and Puget Sound employees to work from home if possible as coronavirus spreads.',4/3/2020,2020,10
Microsoft,b'Microsoft Confirms \xe2\x80\x98Really Really High\xe2\x80\x99 Hacking Risk For Millions Of Users Here\xe2\x80\x99s What You Do Now.',7/3/2020,2020,10
Microsoft,b'A Botnet Is Taken Down in an Operation by Microsoft Not the Government.',10/3/2020,2020,11
Microsoft,b'March Microsoft Security Patches Address 26 Critical Vulnerabilities.',10/3/2020,2020,11
Microsoft,b'Microsoft updates Teams communications platform with targeted messaging telehealth appointment scheduling features.',9/3/2020,2020,11
Microsoft,b'New Microsoft Security \xe2\x80\x98Nightmare\xe2\x80\x99 Users Warned Your Passwords Are Now At Risk.',4/3/2020,2020,10
Microsoft,b'Microsoft launches enterprise preview of all cloud printing service.',5/3/2020,2020,10
Microsoft,b'Microsoft and Cisco team up to integrate cloud and IoT platforms   Internet of Things News.',10/3/2020,2020,11
Microsoft,b'Staying Relevant in Microsofts Ever Changing Partner Ecosystem \xe2\x80\x93 Channel Futures.',10/3/2020,2020,11
Microsoft,b'Cortana say goodbye.',9/3/2020,2020,11
Microsoft,b'Why Microsoft is one of Fast Companys Most Innovative Companies of 20.',10/3/2020,2020,11
Microsoft,b'Google Chrome Now Has Some Good News For Millions Of Microsoft Users.',9/3/2020,2020,11
Microsoft,b'NetMotion Deepens Partnership with Microsoft for Mobile VPN.',9/3/2020,2020,11
Microsoft,b'Microsoft Edge privacy settings to change right away.',4/3/2020,2020,10
Microsoft,b'Microsoft Is 1 in the Cloud and CFO Amy Hood Is Bullish on the Future.',6/3/2020,2020,10
Microsoft,b'Microsoft Warns Of \xe2\x80\x98Devastating\xe2\x80\x99 Cybersecurity Threat Heres What You Need To Know.',6/3/2020,2020,10
Microsoft,b'Microsoft offers premium Teams for free over the next six months due to coronavirus.',4/3/2020,2020,10
Microsoft,b'Amazon Pentagon should have tossed Microsoft\xe2\x80\x99s JEDI bid over \xe2\x80\x98noncompliant storage solution\xe2\x80\x99.',6/3/2020,2020,10
Microsoft,b'Microsofts Scott Guthrie Discusses Clouds Future Asia And More.',5/3/2020,2020,10
Microsoft,b'Backup Reports Preview for Microsoft Azure Now Available.',4/3/2020,2020,10
Microsoft,b'Microsofts March 3 Azure East US outage What went wrong or right.',6/3/2020,2020,10
Microsoft,b'Microsoft to detail Xbox Series X and xCloud in new live stream next week.',10/3/2020,2020,11
Microsoft,b'How to Set Up Microsoft Teams   How.',7/3/2020,2020,10
Microsoft,b'Microsoft targets healthcare sector with new Office 365 Azure features.',6/3/2020,2020,10
Microsoft,b'Coronavirus Cancellations Google Microsoft Workers Told To Stay Home.',5/3/2020,2020,10
Microsoft,b'Microsoft rolls out new tech tools to boost healthcare providers scheduling analytics  more.',6/3/2020,2020,10
Microsoft,b'Microsoft Teams Giving Away Paid Features for Six Months Due to Coronavirus   Thurrottcom.',4/3/2020,2020,10
Microsoft,b'Apple Microsoft Google look to move production away from China Thats not going to be easy.',4/3/2020,2020,10
Microsoft,b'AI Azure and the future of healthcare with Dr Peter Lee.',4/3/2020,2020,10
Microsoft,b'Microsoft 999 percent of hacked accounts didnt use MFA.',9/3/2020,2020,11
Microsoft,b'99 of compromised Microsoft enterprise accounts lack MFA.',9/3/2020,2020,11
Microsoft,b'Microsoft Leads 101B SaaS Market Followed By Salesforce Adobe.',9/3/2020,2020,11
Microsoft,b'Microsofts PowerShell 7 is generally available.',4/3/2020,2020,10
Microsoft,b'Microsofts Airband live in 25 states at midpoint of rural broadband project.',5/3/2020,2020,10
Microsoft,b'How Microsoft CEO Satya Nadella transformed the company culture.',7/3/2020,2020,10
Microsoft,b'Teams Surface Earbuds and the Microsoft 365 Assistant   Petri.',5/3/2020,2020,10
Microsoft,b'Microsoft eliminates a Windows 10 telemetry setting renames others.',10/3/2020,2020,11
Microsoft,b'GeekWire Podcast Seattle struggles with coronavirus Microsoft renews NFL deal.',7/3/2020,2020,10
Microsoft,b'Amazon Microsoft Apple and Google Just Announced an Incredible Workplace Experiment Every Smart Business Leader Will Pay Attention.',7/3/2020,2020,10
Microsoft,b'Dow Jones News Microsoft Top Cloud Pick Caterpillar Could Suffer From Oil Market Chaos.',10/3/2020,2020,11
Microsoft,b'Microsoft is making a more powerful Surface Laptop 3 \xe2\x80\x93 but you probably won\xe2\x80\x99t be able to buy it.',5/3/2020,2020,10
Microsoft,b'Judge Says Court Will Likely Side With Amazon Over Microsoft In JEDI Dispute.',9/3/2020,2020,11
Microsoft,b'Coronavirus Amazon Microsoft each donate 1 million to response   Business Insider.',9/3/2020,2020,11
Microsoft,b'New Windows 10 Start menu Microsoft shows this new design that sidelines Live Tiles.',4/3/2020,2020,10
Microsoft,b'Researcher finds 670 Microsoft subdomains vulnerable to takeover.',6/3/2020,2020,10
Microsoft,b'Seattle traffic disappears as Amazon Microsoft others enforce remote work policies.',5/3/2020,2020,10
Microsoft,b'Prevencio Inks Microsoft Deal.',10/3/2020,2020,11
Microsoft,b'Why companies like Microsoft and Google are betting big on Africa.',7/3/2020,2020,10
Microsoft,b'Okta CEO Heres Why We Can Compete Effectively With Microsoft.',7/3/2020,2020,10
Microsoft,b'Microsoft Stream gains new features for filming and editing.',10/3/2020,2020,11
Microsoft,b'Microsoft releases PowerShell 7 for Windows macOS and Linux   Help Net Security.',6/3/2020,2020,10
Microsoft,b'Why Microsofts decision to seek security advice from Linux is a good first step  SC Media.',9/3/2020,2020,11
Microsoft,b'Microsoft EY And ConsenSys To Make The Public Ethereum Blockchain Safe For Enterprises.',4/3/2020,2020,10
Microsoft,b'Multiple nation state groups are hacking Microsoft Exchange servers.',9/3/2020,2020,11
Microsoft,b'For China users Microsoft recommends VPN to egress Microsoft.',4/3/2020,2020,10
Microsoft,b'Reminder Microsoft shutting down Wunderlist on May 6 it\xe2\x80\x99s time to pick a replacement.',5/3/2020,2020,10
Microsoft,b'Microsoft Teams PowerShell Module 105 Update \xe2\x80\x93 Tom Talks.',9/3/2020,2020,11
Microsoft,b'Microsoft Teams Call Records and Session Details API Public Preview.',4/3/2020,2020,10
Microsoft,b'Microsoft boosts Azure big data strategy with Hadoop distro.',4/3/2020,2020,10
Microsoft,b'Microsoft Azure Cisco team up to simplify IoT deployments.',5/3/2020,2020,10
Microsoft,b'Microsoft to host GDC sessions as planned.',10/3/2020,2020,11
Microsoft,b'Microsoft OneNote Used To Sidestep Phishing Detection.',4/3/2020,2020,10
Microsoft,b'Microsoft Teams saw a 500 percent increase in usage due to Coronavirus outbreak   MSPoweruser.',6/3/2020,2020,10
Microsoft,b'Microsofts Cortana to focus on enterprise leaving smart home to Google Amazon.',6/3/2020,2020,10
Microsoft,b'Microsoft Accenture Collaborate To Help Social Impact Start Ups.',4/3/2020,2020,10
Microsoft,b'Why Insight Chose Microsoft Azure Sentinel as Core SIEM Over Splunk \xe2\x80\x93 Channel Futures.',10/3/2020,2020,11
Microsoft,b'Microsoft researchers create AI ethics checklist with ML practitioners from a dozen tech companies.',10/3/2020,2020,11
Microsoft,b'Microsoft apparently wants to deliver the Surface Duo with a Snapdragon 855 this summer.',4/3/2020,2020,10
Microsoft,b'net2phone Unveils Integration with Microsoft Teams \xe2\x80\x93 Channel Partners.',4/3/2020,2020,10
Microsoft,b'Amazon Microsoft cloud computing can weather a recession and coronavirus analysts say.',8/3/2020,2020,10
Microsoft,b'Microsoft Google Facebook and others join forces with law enforcement on child abuse crackdown.',5/3/2020,2020,10
Microsoft,b'Ampere starts shipping 80 core server CPU Microsoft samples Arm chip.',4/3/2020,2020,10
Microsoft,b'The 2020 cloud acquisitions AWS Microsoft and Google should make.',9/3/2020,2020,11
Microsoft,b'Insight Enterprises Acquires Microsoft Partner vNext.',4/3/2020,2020,10
Microsoft,b'Google Stops Issuing Security Warnings About Microsoft Edge.',8/3/2020,2020,10
Microsoft,b'Outreach Launches Native Integration with Microsoft Dynamics 365 Sales.',4/3/2020,2020,10
Microsoft,b'CESA 7 and Microsoft bringing tech initiative to Brown County   The Press.',6/3/2020,2020,10
Microsoft,b'COVID 19 Pushes Microsoft Dell Red Hat to Virtualize Events.',9/3/2020,2020,11
Microsoft,b'Microsoft backs off on TLS 20 only plan for Azure DevOps \xe2\x80\xa2 DEVCLASS.',9/3/2020,2020,11
Microsoft,b'Microsoft\xe2\x80\x99s AI generates 3D objects from 2D images.',5/3/2020,2020,10
Microsoft,b'News to use for youse Where to find info about Office 365.',4/3/2020,2020,10
Microsoft,b'Microsoft Stock Should Hit 336 in November 2021.',5/3/2020,2020,10
Microsoft,b'Apple Inc Microsoft share gains contribute to Dows 240 point rally.',10/3/2020,2020,11
Microsoft,b'BleepingComputer FBI Warns of BEC Attacks Abusing Microsoft Office 365 Google G Suite The US Federal.',6/3/2020,2020,10
Microsoft,b'Amazon Microsoft and Home Depot Unfairly Punished Analysts Say.',10/3/2020,2020,11
Microsoft,b'Microsoft says 999 of accounts get hacked for this reason How to protect yourself.',6/3/2020,2020,10
Microsoft,b'Microsoft partners with Mogul for Age of Empires II esports.',5/3/2020,2020,10
Microsoft,b'Microsoft Azure has AWS hearing footsteps It\xe2\x80\x99s time you listened too.',7/3/2020,2020,10
Microsoft,b'The EPAM Cloud Pipeline Released in the Microsoft Azure Marketplace.',5/3/2020,2020,10
Microsoft,b'Restraint Is Required When Considering Microsoft Stock Now.',4/3/2020,2020,10
Microsoft,b'Microsoft subdomains hijacked following DNS security blunder.',5/3/2020,2020,10
Microsoft,b'JPMorgan Chase Microsoft share losses contribute to Dows 531 point fall.',6/3/2020,2020,10
Microsoft,b'WorkBoards Native Integration with Microsoft Azure DevOps Strengthens OKR Offering for Enterprise Product Teams.',4/3/2020,2020,10
Microsoft,b'Microsoft Releases Call Records API Beta for Microsoft Graph.',5/3/2020,2020,10
Microsoft,b'Google and Microsoft might move production out of China  The Burn In   The Burn.',9/3/2020,2020,11
Microsoft,b'Are Coronavirus Concerns Already Priced Into Microsoft Stock.',9/3/2020,2020,11
Microsoft,b'Microsoft Responding to COVID 19 together.',12/3/2020,2020,11
Microsoft,b'Microsoft expected to announce Microsoft 365 consumer subscription plans on March 30.',16/3/2020,2020,12
Microsoft,b'Microsoft to hold Office press event on March 30th.',16/3/2020,2020,12
Microsoft,b'Microsoft hits its goal of 1 billion devices running Windows 10.',16/3/2020,2020,12
Microsoft,b'Microsoft to shut down all retail stores in wake of coronavirus pandemic.',17/3/2020,2020,12
Microsoft,b'Ahead of the Pack How Microsoft Told Workers to Stay Home.',15/3/2020,2020,11
Microsoft,b'Microsoft cancels Build makes it virtual.',12/3/2020,2020,11
Microsoft,b'Bill Gates leaves Microsoft board.',13/3/2020,2020,11
Microsoft,b'Microsoft Azure Expands API for FHIR to Fuel Interoperability.',17/3/2020,2020,12
Microsoft,b'Microsoft Teams goes down just as Europe logs on to work remotely.',16/3/2020,2020,12
Microsoft,b'How Microsoft is building new tech to bring precision agriculture to the worlds poorest farmers   Microsoft Stories India.',11/3/2020,2020,11
Microsoft,b'Microsoft Surface Pro X review not yet ready for prime time.',12/3/2020,2020,11
Microsoft,b'Microsoft is holding an Office related event on March 30 online of course.',16/3/2020,2020,12
Microsoft,b'DoD likely to split JEDI contract between Amazon and Microsoft analyst says.',14/3/2020,2020,11
Microsoft,b'How an unpatched Microsoft vulnerability leaked inadvertently and what it means for Windows Server security.',11/3/2020,2020,11
Microsoft,b'Microsoft just revealed a ton of new info about the Xbox Series X.',16/3/2020,2020,12
Microsoft,b'Microsoft unifies research groups as it appoints a science chief.',11/3/2020,2020,11
Microsoft,b'Microsoft taps Eric Horvitz as first chief scientific officer Peter Lee takes over Microsoft Research.',11/3/2020,2020,11
Microsoft,b'Microsoft Bing launches interactive COVID 19 map to provide pandemic news.',16/3/2020,2020,12
Microsoft,b'Are You Taking Full Advantage of Microsoft Teams.',11/3/2020,2020,11
Microsoft,b'Microsoft owned GitHub to acquire JavaScript package manager Npm.',17/3/2020,2020,12
Microsoft,b'Emergency Windows 10 Critical Security Update Microsoft Urges Users To \xe2\x80\x98Take Action\xe2\x80\x99.',13/3/2020,2020,11
Microsoft,b'Microsoft Shares Details on the New Xbox.',17/3/2020,2020,12
Microsoft,b'Facebook Reddit Google LinkedIn Microsoft Twitter and YouTube issue joint statement on misinformation.',17/3/2020,2020,12
Microsoft,b'Microsoft\xe2\x80\x94and Ars\xe2\x80\x94advise split tunnel VPNs to minimize coronavirus woes.',11/3/2020,2020,11
Microsoft,b'Microsoft Is All In With Growing Its Scientific Research Arm.',16/3/2020,2020,12
Microsoft,b'Intrado Enterprise Collaboration Introduces MaxxConnect for Microsoft Teams.',17/3/2020,2020,12
Microsoft,b'Microsoft DART Finds Six Attack Groups On Customer Network.',12/3/2020,2020,11
Microsoft,b'Demand for Microsoft Google and Zooms Video Conferencing Software Surges Amid the Coronavirus Outbreak.',11/3/2020,2020,11
Microsoft,b'As Microsoft Teams stutters a look at the risk factors for remote work platforms.',17/3/2020,2020,12
Microsoft,b'What Is Microsoft Planner and How to Use It   How.',14/3/2020,2020,11
Microsoft,b'Microsoft to host digital Xbox Series X event following E3 2020 cancellation.',11/3/2020,2020,11
Microsoft,b'Microsoft stock sees worst single day plunge since 2000.',16/3/2020,2020,12
Microsoft,b'Microsoft Teams February 2020 Update.',13/3/2020,2020,11
Microsoft,b'Microsoft Stock Cushioned By Cloud Business.',12/3/2020,2020,11
Microsoft,b'Hackers Attack Microsoft Windows Users Dangerous Threat Group Exploits \xe2\x80\x98COVID 19 Fear\xe2\x80\x99.',16/3/2020,2020,12
Microsoft,b'Free Microsoft Teams Google Hangouts Meet Are Coronavirus Remote Workarounds Cumulus Global.',11/3/2020,2020,11
Microsoft,b'Microsoft Is Perfectly Positioned to Weather a Recession.',16/3/2020,2020,12
Microsoft,b'Heres How Long It Took Microsoft To Reach A 100B Market Cap.',12/3/2020,2020,11
Microsoft,b'Microsoft Defender ATP integrates with Delta Risks SOAR platform ActiveEye.',18/3/2020,2020,12
Microsoft,b'Microsoft We Do Not Plan to Evolve Visual Basic as a Language.',12/3/2020,2020,11
Microsoft,b'This is when to buy Microsoft Apple Amazon and Alphabet stock Piper Sandler technical analyst.',17/3/2020,2020,12
Microsoft,b'RADWARE ADDS NEW MANAGED SECURITY SERVICE POWERED BY MICROSOFT AZURE TO ITS CLOUD PRODUCT PORTFOLIO.',11/3/2020,2020,11
Microsoft,b'Microsoft Leads Effort to Take Down Massive Malware Network.',12/3/2020,2020,11
Microsoft,b'Google G Suite has 2 billion users becomes bigger rival to Microsoft   Business Insider.',12/3/2020,2020,11
Microsoft,b'Microsoft Edge Shares Privacy Busting Telemetry Research Alleges.',16/3/2020,2020,12
Microsoft,b'Apple Google Microsoft amongst companies meeting with White House over coronavirus.',11/3/2020,2020,11
Microsoft,b'Swiss Re Launches Digital Market Center Supported by Microsoft Data Analytics AI Tools.',12/3/2020,2020,11
Microsoft,b'Microsoft Suffers Worst Selloff in Nearly 20 Years   Time to Buy.',17/3/2020,2020,12
Microsoft,b'Microsoft Plots the End of Visual Basic   Thurrottcom   Thurrottcom.',12/3/2020,2020,11
Microsoft,b'Microsoft White House and Allen Institute release coronavirus data set for medical and NLP researchers.',16/3/2020,2020,12
Microsoft,b'Could the Coronavirus Crisis Delay Sonys PS5 and Microsofts Xbox Series X.',13/3/2020,2020,11
Microsoft,b'Working from home Don\xe2\x80\x99t miss this outstanding Microsoft Office 365 deal.',15/3/2020,2020,11
Microsoft,b'Microsoft cancels Business Applications Summit 2020 digital plans to come.',15/3/2020,2020,11
Microsoft,b'Amazon Microsoft Are Big But Privacy Compliance Market Is Bigger  Legaltech News.',11/3/2020,2020,11
Microsoft,b'Apple vs Microsoft Stock Which is the Better Buy as the Dows Bull Run Ends.',11/3/2020,2020,11
Microsoft,b'Mid Pandemic Microsoft Israel Wants to Hire 200 New Employees.',15/3/2020,2020,11
Microsoft,b'Automatically Discover Prioritize and Remediate Microsoft SMBv3 RCE Vulnerability CVE 2020 0796 using Qualys VMDR.',16/3/2020,2020,12
Microsoft,b'Microsoft Launches A Map To Track The Coronavirus Pandemic.',16/3/2020,2020,12
Microsoft,b'Bill Gates Departs Microsoft Board After Pledging 14M to African Blockchain.',13/3/2020,2020,11
Microsoft,b'Government leans on tech and telecom firms to help students forced to stay home.',13/3/2020,2020,11
Microsoft,b'Microsoft to launch Project xCloud gaming service in collaboration with Reliance Jio Reports.',16/3/2020,2020,12
Microsoft,b'Microsoft Store locations to remain closed amid COVID 19 outbreak.',17/3/2020,2020,12
Microsoft,b'Apps must check images for child abuse before publication.',12/3/2020,2020,11
Microsoft,b'Best Bluetooth headphones for conference calls.',16/3/2020,2020,12
Microsoft,b'Best Cheap Philips Hue deals for Presidents Day and February 2021.',11/3/2020,2020,11
Microsoft,b'Cell Banking Market Is Booming Worldwide.',13/3/2020,2020,11
Microsoft,b'Popcorn Time the once popular Netflix for piracy is back.',17/3/2020,2020,12
Microsoft,b'Mobile Phone Sales to Be Hit Say Industry Experts as GST Hike Makes Them More Costly.',15/3/2020,2020,11
